evaluation_id,package_id,seed,condition,expected_label,method,predicted_label,correct,effect_proposer,effect_replicator,d_z,d_rel,sign_agreement,ci_overlap,proposer_dir,replicator_dir
eval-0001,synth-linear-000,0,clean,REPRODUCED,numeric_only,REPRODUCED,1,1.1810868421325453,1.1810868421325453,0.0,0.0,1,0.9999999999977214,runs/seeded_faults/seed_000/proposer_clean,runs/seeded_faults/seed_000/replicator_clean
eval-0002,synth-linear-000,0,clean,REPRODUCED,pairwise_artifact,REPRODUCED,1,1.1810868421325453,1.1810868421325453,0.0,0.0,1,0.9999999999977214,runs/seeded_faults/seed_000/proposer_clean,runs/seeded_faults/seed_000/replicator_clean
eval-0003,synth-linear-000,0,clean,REPRODUCED,pantheon,REPRODUCED,1,1.1810868421325453,1.1810868421325453,0.0,0.0,1,0.9999999999977214,runs/seeded_faults/seed_000/proposer_clean,runs/seeded_faults/seed_000/replicator_clean
eval-0004,synth-linear-000,0,data_mismatch,DATA_MISMATCH,numeric_only,STATISTICAL_DISAGREEMENT,0,1.1810868421325453,1.2272877655225356,0.2786978833546807,0.03911729581758081,1,0.8171197751521775,runs/seeded_faults/seed_000/proposer_clean,runs/seeded_faults/seed_000/replicator_data_mismatch
eval-0005,synth-linear-000,0,data_mismatch,DATA_MISMATCH,pairwise_artifact,DATA_MISMATCH,1,1.1810868421325453,1.2272877655225356,0.2786978833546807,0.03911729581758081,1,0.8171197751521775,runs/seeded_faults/seed_000/proposer_clean,runs/seeded_faults/seed_000/replicator_data_mismatch
eval-0006,synth-linear-000,0,data_mismatch,DATA_MISMATCH,pantheon,DATA_MISMATCH,1,1.1810868421325453,1.2272877655225356,0.2786978833546807,0.03911729581758081,1,0.8171197751521775,runs/seeded_faults/seed_000/proposer_clean,runs/seeded_faults/seed_000/replicator_data_mismatch
eval-0007,synth-linear-000,0,metric_mismatch,METRIC_MISMATCH,numeric_only,NOT_REPRODUCED,0,1.1810868421325453,-1.1810868421325453,14.920103602517694,1.9999999999983065,0,0.0,runs/seeded_faults/seed_000/proposer_clean,runs/seeded_faults/seed_000/replicator_metric_mismatch
eval-0008,synth-linear-000,0,metric_mismatch,METRIC_MISMATCH,pairwise_artifact,STATISTICAL_DISAGREEMENT,0,1.1810868421325453,-1.1810868421325453,14.920103602517694,1.9999999999983065,0,0.0,runs/seeded_faults/seed_000/proposer_clean,runs/seeded_faults/seed_000/replicator_metric_mismatch
eval-0009,synth-linear-000,0,metric_mismatch,METRIC_MISMATCH,pantheon,METRIC_MISMATCH,1,1.1810868421325453,-1.1810868421325453,14.920103602517694,1.9999999999983065,0,0.0,runs/seeded_faults/seed_000/proposer_clean,runs/seeded_faults/seed_000/replicator_metric_mismatch
eval-0010,synth-linear-000,0,implementation_mismatch,IMPLEMENTATION_MISMATCH,numeric_only,STATISTICAL_DISAGREEMENT,0,1.1810868421325453,1.2689065183046142,0.4862170099511714,0.0743549695409604,1,0.6997883160208274,runs/seeded_faults/seed_000/proposer_clean,runs/seeded_faults/seed_000/replicator_implementation_mismatch
eval-0011,synth-linear-000,0,implementation_mismatch,IMPLEMENTATION_MISMATCH,pairwise_artifact,IMPLEMENTATION_MISMATCH,1,1.1810868421325453,1.2689065183046142,0.4862170099511714,0.0743549695409604,1,0.6997883160208274,runs/seeded_faults/seed_000/proposer_clean,runs/seeded_faults/seed_000/replicator_implementation_mismatch
eval-0012,synth-linear-000,0,implementation_mismatch,IMPLEMENTATION_MISMATCH,pantheon,IMPLEMENTATION_MISMATCH,1,1.1810868421325453,1.2689065183046142,0.4862170099511714,0.0743549695409604,1,0.6997883160208274,runs/seeded_faults/seed_000/proposer_clean,runs/seeded_faults/seed_000/replicator_implementation_mismatch
eval-0013,synth-linear-000,0,environment_mismatch,ENVIRONMENT_FAILURE,numeric_only,REPRODUCED,0,1.1810868421325453,1.1810868421325453,0.0,0.0,1,0.9999999999977214,runs/seeded_faults/seed_000/proposer_clean,runs/seeded_faults/seed_000/replicator_environment_mismatch
eval-0014,synth-linear-000,0,environment_mismatch,ENVIRONMENT_FAILURE,pairwise_artifact,ENVIRONMENT_FAILURE,1,1.1810868421325453,1.1810868421325453,0.0,0.0,1,0.9999999999977214,runs/seeded_faults/seed_000/proposer_clean,runs/seeded_faults/seed_000/replicator_environment_mismatch
eval-0015,synth-linear-000,0,environment_mismatch,ENVIRONMENT_FAILURE,pantheon,ENVIRONMENT_FAILURE,1,1.1810868421325453,1.1810868421325453,0.0,0.0,1,0.9999999999977214,runs/seeded_faults/seed_000/proposer_clean,runs/seeded_faults/seed_000/replicator_environment_mismatch
eval-0016,synth-linear-000,0,protocol_ambiguous,PROTOCOL_AMBIGUOUS,numeric_only,REPRODUCED,0,1.1810868421325453,1.1810868421325453,0.0,0.0,1,0.9999999999977214,runs/seeded_faults/seed_000/proposer_clean,runs/seeded_faults/seed_000/replicator_protocol_ambiguous
eval-0017,synth-linear-000,0,protocol_ambiguous,PROTOCOL_AMBIGUOUS,pairwise_artifact,PROTOCOL_AMBIGUOUS,1,1.1810868421325453,1.1810868421325453,0.0,0.0,1,0.9999999999977214,runs/seeded_faults/seed_000/proposer_clean,runs/seeded_faults/seed_000/replicator_protocol_ambiguous
eval-0018,synth-linear-000,0,protocol_ambiguous,PROTOCOL_AMBIGUOUS,pantheon,PROTOCOL_AMBIGUOUS,1,1.1810868421325453,1.1810868421325453,0.0,0.0,1,0.9999999999977214,runs/seeded_faults/seed_000/proposer_clean,runs/seeded_faults/seed_000/replicator_protocol_ambiguous
eval-0019,synth-linear-000,0,hidden_contamination,HIDDEN_STATE_CONTAMINATION,numeric_only,REPRODUCED,0,1.1810868421325453,1.1810868421325453,0.0,0.0,1,0.9999999999977214,runs/seeded_faults/seed_000/proposer_clean,runs/seeded_faults/seed_000/replicator_hidden_contamination
eval-0020,synth-linear-000,0,hidden_contamination,HIDDEN_STATE_CONTAMINATION,pairwise_artifact,REPRODUCED,0,1.1810868421325453,1.1810868421325453,0.0,0.0,1,0.9999999999977214,runs/seeded_faults/seed_000/proposer_clean,runs/seeded_faults/seed_000/replicator_hidden_contamination
eval-0021,synth-linear-000,0,hidden_contamination,HIDDEN_STATE_CONTAMINATION,pantheon,HIDDEN_STATE_CONTAMINATION,1,1.1810868421325453,1.1810868421325453,0.0,0.0,1,0.9999999999977214,runs/seeded_faults/seed_000/proposer_clean,runs/seeded_faults/seed_000/replicator_hidden_contamination
eval-0022,synth-linear-000,0,shared_bug,IMPLEMENTATION_MISMATCH,numeric_only,REPRODUCED,0,-1.1810868421325453,-1.1810868421325453,0.0,0.0,1,0.9999999999977214,runs/seeded_faults/seed_000/proposer_shared_bug,runs/seeded_faults/seed_000/replicator_shared_bug
eval-0023,synth-linear-000,0,shared_bug,IMPLEMENTATION_MISMATCH,pairwise_artifact,REPRODUCED,0,-1.1810868421325453,-1.1810868421325453,0.0,0.0,1,0.9999999999977214,runs/seeded_faults/seed_000/proposer_shared_bug,runs/seeded_faults/seed_000/replicator_shared_bug
eval-0024,synth-linear-000,0,shared_bug,IMPLEMENTATION_MISMATCH,pantheon,IMPLEMENTATION_MISMATCH,1,-1.1810868421325453,-1.1810868421325453,0.0,0.0,1,0.9999999999977214,runs/seeded_faults/seed_000/proposer_shared_bug,runs/seeded_faults/seed_000/replicator_shared_bug
eval-0025,synth-linear-001,1,clean,REPRODUCED,numeric_only,REPRODUCED,1,1.277471917203092,1.277471917203092,0.0,0.0,1,0.9999999999978915,runs/seeded_faults/seed_001/proposer_clean,runs/seeded_faults/seed_001/replicator_clean
eval-0026,synth-linear-001,1,clean,REPRODUCED,pairwise_artifact,REPRODUCED,1,1.277471917203092,1.277471917203092,0.0,0.0,1,0.9999999999978915,runs/seeded_faults/seed_001/proposer_clean,runs/seeded_faults/seed_001/replicator_clean
eval-0027,synth-linear-001,1,clean,REPRODUCED,pantheon,REPRODUCED,1,1.277471917203092,1.277471917203092,0.0,0.0,1,0.9999999999978915,runs/seeded_faults/seed_001/proposer_clean,runs/seeded_faults/seed_001/replicator_clean
eval-0028,synth-linear-001,1,data_mismatch,DATA_MISMATCH,numeric_only,STATISTICAL_DISAGREEMENT,0,1.277471917203092,1.2318805501293493,0.25580121127375777,0.03568874310249036,1,0.8309044307074795,runs/seeded_faults/seed_001/proposer_clean,runs/seeded_faults/seed_001/replicator_data_mismatch
eval-0029,synth-linear-001,1,data_mismatch,DATA_MISMATCH,pairwise_artifact,DATA_MISMATCH,1,1.277471917203092,1.2318805501293493,0.25580121127375777,0.03568874310249036,1,0.8309044307074795,runs/seeded_faults/seed_001/proposer_clean,runs/seeded_faults/seed_001/replicator_data_mismatch
eval-0030,synth-linear-001,1,data_mismatch,DATA_MISMATCH,pantheon,DATA_MISMATCH,1,1.277471917203092,1.2318805501293493,0.25580121127375777,0.03568874310249036,1,0.8309044307074795,runs/seeded_faults/seed_001/proposer_clean,runs/seeded_faults/seed_001/replicator_data_mismatch
eval-0031,synth-linear-001,1,metric_mismatch,METRIC_MISMATCH,numeric_only,NOT_REPRODUCED,0,1.277471917203092,-1.277471917203092,14.932962551243543,1.9999999999984344,0,0.0,runs/seeded_faults/seed_001/proposer_clean,runs/seeded_faults/seed_001/replicator_metric_mismatch
eval-0032,synth-linear-001,1,metric_mismatch,METRIC_MISMATCH,pairwise_artifact,STATISTICAL_DISAGREEMENT,0,1.277471917203092,-1.277471917203092,14.932962551243543,1.9999999999984344,0,0.0,runs/seeded_faults/seed_001/proposer_clean,runs/seeded_faults/seed_001/replicator_metric_mismatch
eval-0033,synth-linear-001,1,metric_mismatch,METRIC_MISMATCH,pantheon,METRIC_MISMATCH,1,1.277471917203092,-1.277471917203092,14.932962551243543,1.9999999999984344,0,0.0,runs/seeded_faults/seed_001/proposer_clean,runs/seeded_faults/seed_001/replicator_metric_mismatch
eval-0034,synth-linear-001,1,implementation_mismatch,IMPLEMENTATION_MISMATCH,numeric_only,REPRODUCED,0,1.277471917203092,1.2503151264680048,0.14835964621045186,0.021258229139410906,1,0.8807225849477738,runs/seeded_faults/seed_001/proposer_clean,runs/seeded_faults/seed_001/replicator_implementation_mismatch
eval-0035,synth-linear-001,1,implementation_mismatch,IMPLEMENTATION_MISMATCH,pairwise_artifact,IMPLEMENTATION_MISMATCH,1,1.277471917203092,1.2503151264680048,0.14835964621045186,0.021258229139410906,1,0.8807225849477738,runs/seeded_faults/seed_001/proposer_clean,runs/seeded_faults/seed_001/replicator_implementation_mismatch
eval-0036,synth-linear-001,1,implementation_mismatch,IMPLEMENTATION_MISMATCH,pantheon,IMPLEMENTATION_MISMATCH,1,1.277471917203092,1.2503151264680048,0.14835964621045186,0.021258229139410906,1,0.8807225849477738,runs/seeded_faults/seed_001/proposer_clean,runs/seeded_faults/seed_001/replicator_implementation_mismatch
eval-0037,synth-linear-001,1,environment_mismatch,ENVIRONMENT_FAILURE,numeric_only,REPRODUCED,0,1.277471917203092,1.277471917203092,0.0,0.0,1,0.9999999999978915,runs/seeded_faults/seed_001/proposer_clean,runs/seeded_faults/seed_001/replicator_environment_mismatch
eval-0038,synth-linear-001,1,environment_mismatch,ENVIRONMENT_FAILURE,pairwise_artifact,ENVIRONMENT_FAILURE,1,1.277471917203092,1.277471917203092,0.0,0.0,1,0.9999999999978915,runs/seeded_faults/seed_001/proposer_clean,runs/seeded_faults/seed_001/replicator_environment_mismatch
eval-0039,synth-linear-001,1,environment_mismatch,ENVIRONMENT_FAILURE,pantheon,ENVIRONMENT_FAILURE,1,1.277471917203092,1.277471917203092,0.0,0.0,1,0.9999999999978915,runs/seeded_faults/seed_001/proposer_clean,runs/seeded_faults/seed_001/replicator_environment_mismatch
eval-0040,synth-linear-001,1,protocol_ambiguous,PROTOCOL_AMBIGUOUS,numeric_only,REPRODUCED,0,1.277471917203092,1.277471917203092,0.0,0.0,1,0.9999999999978915,runs/seeded_faults/seed_001/proposer_clean,runs/seeded_faults/seed_001/replicator_protocol_ambiguous
eval-0041,synth-linear-001,1,protocol_ambiguous,PROTOCOL_AMBIGUOUS,pairwise_artifact,PROTOCOL_AMBIGUOUS,1,1.277471917203092,1.277471917203092,0.0,0.0,1,0.9999999999978915,runs/seeded_faults/seed_001/proposer_clean,runs/seeded_faults/seed_001/replicator_protocol_ambiguous
eval-0042,synth-linear-001,1,protocol_ambiguous,PROTOCOL_AMBIGUOUS,pantheon,PROTOCOL_AMBIGUOUS,1,1.277471917203092,1.277471917203092,0.0,0.0,1,0.9999999999978915,runs/seeded_faults/seed_001/proposer_clean,runs/seeded_faults/seed_001/replicator_protocol_ambiguous
eval-0043,synth-linear-001,1,hidden_contamination,HIDDEN_STATE_CONTAMINATION,numeric_only,REPRODUCED,0,1.277471917203092,1.277471917203092,0.0,0.0,1,0.9999999999978915,runs/seeded_faults/seed_001/proposer_clean,runs/seeded_faults/seed_001/replicator_hidden_contamination
eval-0044,synth-linear-001,1,hidden_contamination,HIDDEN_STATE_CONTAMINATION,pairwise_artifact,REPRODUCED,0,1.277471917203092,1.277471917203092,0.0,0.0,1,0.9999999999978915,runs/seeded_faults/seed_001/proposer_clean,runs/seeded_faults/seed_001/replicator_hidden_contamination
eval-0045,synth-linear-001,1,hidden_contamination,HIDDEN_STATE_CONTAMINATION,pantheon,HIDDEN_STATE_CONTAMINATION,1,1.277471917203092,1.277471917203092,0.0,0.0,1,0.9999999999978915,runs/seeded_faults/seed_001/proposer_clean,runs/seeded_faults/seed_001/replicator_hidden_contamination
eval-0046,synth-linear-001,1,shared_bug,IMPLEMENTATION_MISMATCH,numeric_only,REPRODUCED,0,-1.277471917203092,-1.277471917203092,0.0,0.0,1,0.9999999999978915,runs/seeded_faults/seed_001/proposer_shared_bug,runs/seeded_faults/seed_001/replicator_shared_bug
eval-0047,synth-linear-001,1,shared_bug,IMPLEMENTATION_MISMATCH,pairwise_artifact,REPRODUCED,0,-1.277471917203092,-1.277471917203092,0.0,0.0,1,0.9999999999978915,runs/seeded_faults/seed_001/proposer_shared_bug,runs/seeded_faults/seed_001/replicator_shared_bug
eval-0048,synth-linear-001,1,shared_bug,IMPLEMENTATION_MISMATCH,pantheon,IMPLEMENTATION_MISMATCH,1,-1.277471917203092,-1.277471917203092,0.0,0.0,1,0.9999999999978915,runs/seeded_faults/seed_001/proposer_shared_bug,runs/seeded_faults/seed_001/replicator_shared_bug
eval-0049,synth-linear-002,2,clean,REPRODUCED,numeric_only,REPRODUCED,1,1.370837626254215,1.370837626254215,0.0,0.0,1,0.9999999999976927,runs/seeded_faults/seed_002/proposer_clean,runs/seeded_faults/seed_002/replicator_clean
eval-0050,synth-linear-002,2,clean,REPRODUCED,pairwise_artifact,REPRODUCED,1,1.370837626254215,1.370837626254215,0.0,0.0,1,0.9999999999976927,runs/seeded_faults/seed_002/proposer_clean,runs/seeded_faults/seed_002/replicator_clean
eval-0051,synth-linear-002,2,clean,REPRODUCED,pantheon,REPRODUCED,1,1.370837626254215,1.370837626254215,0.0,0.0,1,0.9999999999976927,runs/seeded_faults/seed_002/proposer_clean,runs/seeded_faults/seed_002/replicator_clean
eval-0052,synth-linear-002,2,data_mismatch,DATA_MISMATCH,numeric_only,STATISTICAL_DISAGREEMENT,0,1.370837626254215,1.418262006769043,0.28606052049266983,0.034595184437984476,1,0.8126449166734241,runs/seeded_faults/seed_002/proposer_clean,runs/seeded_faults/seed_002/replicator_data_mismatch
eval-0053,synth-linear-002,2,data_mismatch,DATA_MISMATCH,pairwise_artifact,DATA_MISMATCH,1,1.370837626254215,1.418262006769043,0.28606052049266983,0.034595184437984476,1,0.8126449166734241,runs/seeded_faults/seed_002/proposer_clean,runs/seeded_faults/seed_002/replicator_data_mismatch
eval-0054,synth-linear-002,2,data_mismatch,DATA_MISMATCH,pantheon,DATA_MISMATCH,1,1.370837626254215,1.418262006769043,0.28606052049266983,0.034595184437984476,1,0.8126449166734241,runs/seeded_faults/seed_002/proposer_clean,runs/seeded_faults/seed_002/replicator_data_mismatch
eval-0055,synth-linear-002,2,metric_mismatch,METRIC_MISMATCH,numeric_only,NOT_REPRODUCED,0,1.370837626254215,-1.370837626254215,17.53471954884118,1.999999999998541,0,0.0,runs/seeded_faults/seed_002/proposer_clean,runs/seeded_faults/seed_002/replicator_metric_mismatch
eval-0056,synth-linear-002,2,metric_mismatch,METRIC_MISMATCH,pairwise_artifact,STATISTICAL_DISAGREEMENT,0,1.370837626254215,-1.370837626254215,17.53471954884118,1.999999999998541,0,0.0,runs/seeded_faults/seed_002/proposer_clean,runs/seeded_faults/seed_002/replicator_metric_mismatch
eval-0057,synth-linear-002,2,metric_mismatch,METRIC_MISMATCH,pantheon,METRIC_MISMATCH,1,1.370837626254215,-1.370837626254215,17.53471954884118,1.999999999998541,0,0.0,runs/seeded_faults/seed_002/proposer_clean,runs/seeded_faults/seed_002/replicator_metric_mismatch
eval-0058,synth-linear-002,2,implementation_mismatch,IMPLEMENTATION_MISMATCH,numeric_only,STATISTICAL_DISAGREEMENT,0,1.370837626254215,1.4796655856570433,0.5940176415144518,0.07938792845956455,1,0.644268687984858,runs/seeded_faults/seed_002/proposer_clean,runs/seeded_faults/seed_002/replicator_implementation_mismatch
eval-0059,synth-linear-002,2,implementation_mismatch,IMPLEMENTATION_MISMATCH,pairwise_artifact,IMPLEMENTATION_MISMATCH,1,1.370837626254215,1.4796655856570433,0.5940176415144518,0.07938792845956455,1,0.644268687984858,runs/seeded_faults/seed_002/proposer_clean,runs/seeded_faults/seed_002/replicator_implementation_mismatch
eval-0060,synth-linear-002,2,implementation_mismatch,IMPLEMENTATION_MISMATCH,pantheon,IMPLEMENTATION_MISMATCH,1,1.370837626254215,1.4796655856570433,0.5940176415144518,0.07938792845956455,1,0.644268687984858,runs/seeded_faults/seed_002/proposer_clean,runs/seeded_faults/seed_002/replicator_implementation_mismatch
eval-0061,synth-linear-002,2,environment_mismatch,ENVIRONMENT_FAILURE,numeric_only,REPRODUCED,0,1.370837626254215,1.370837626254215,0.0,0.0,1,0.9999999999976927,runs/seeded_faults/seed_002/proposer_clean,runs/seeded_faults/seed_002/replicator_environment_mismatch
eval-0062,synth-linear-002,2,environment_mismatch,ENVIRONMENT_FAILURE,pairwise_artifact,ENVIRONMENT_FAILURE,1,1.370837626254215,1.370837626254215,0.0,0.0,1,0.9999999999976927,runs/seeded_faults/seed_002/proposer_clean,runs/seeded_faults/seed_002/replicator_environment_mismatch
eval-0063,synth-linear-002,2,environment_mismatch,ENVIRONMENT_FAILURE,pantheon,ENVIRONMENT_FAILURE,1,1.370837626254215,1.370837626254215,0.0,0.0,1,0.9999999999976927,runs/seeded_faults/seed_002/proposer_clean,runs/seeded_faults/seed_002/replicator_environment_mismatch
eval-0064,synth-linear-002,2,protocol_ambiguous,PROTOCOL_AMBIGUOUS,numeric_only,REPRODUCED,0,1.370837626254215,1.370837626254215,0.0,0.0,1,0.9999999999976927,runs/seeded_faults/seed_002/proposer_clean,runs/seeded_faults/seed_002/replicator_protocol_ambiguous
eval-0065,synth-linear-002,2,protocol_ambiguous,PROTOCOL_AMBIGUOUS,pairwise_artifact,PROTOCOL_AMBIGUOUS,1,1.370837626254215,1.370837626254215,0.0,0.0,1,0.9999999999976927,runs/seeded_faults/seed_002/proposer_clean,runs/seeded_faults/seed_002/replicator_protocol_ambiguous
eval-0066,synth-linear-002,2,protocol_ambiguous,PROTOCOL_AMBIGUOUS,pantheon,PROTOCOL_AMBIGUOUS,1,1.370837626254215,1.370837626254215,0.0,0.0,1,0.9999999999976927,runs/seeded_faults/seed_002/proposer_clean,runs/seeded_faults/seed_002/replicator_protocol_ambiguous
eval-0067,synth-linear-002,2,hidden_contamination,HIDDEN_STATE_CONTAMINATION,numeric_only,REPRODUCED,0,1.370837626254215,1.370837626254215,0.0,0.0,1,0.9999999999976927,runs/seeded_faults/seed_002/proposer_clean,runs/seeded_faults/seed_002/replicator_hidden_contamination
eval-0068,synth-linear-002,2,hidden_contamination,HIDDEN_STATE_CONTAMINATION,pairwise_artifact,REPRODUCED,0,1.370837626254215,1.370837626254215,0.0,0.0,1,0.9999999999976927,runs/seeded_faults/seed_002/proposer_clean,runs/seeded_faults/seed_002/replicator_hidden_contamination
eval-0069,synth-linear-002,2,hidden_contamination,HIDDEN_STATE_CONTAMINATION,pantheon,HIDDEN_STATE_CONTAMINATION,1,1.370837626254215,1.370837626254215,0.0,0.0,1,0.9999999999976927,runs/seeded_faults/seed_002/proposer_clean,runs/seeded_faults/seed_002/replicator_hidden_contamination
eval-0070,synth-linear-002,2,shared_bug,IMPLEMENTATION_MISMATCH,numeric_only,REPRODUCED,0,-1.370837626254215,-1.370837626254215,0.0,0.0,1,0.9999999999976927,runs/seeded_faults/seed_002/proposer_shared_bug,runs/seeded_faults/seed_002/replicator_shared_bug
eval-0071,synth-linear-002,2,shared_bug,IMPLEMENTATION_MISMATCH,pairwise_artifact,REPRODUCED,0,-1.370837626254215,-1.370837626254215,0.0,0.0,1,0.9999999999976927,runs/seeded_faults/seed_002/proposer_shared_bug,runs/seeded_faults/seed_002/replicator_shared_bug
eval-0072,synth-linear-002,2,shared_bug,IMPLEMENTATION_MISMATCH,pantheon,IMPLEMENTATION_MISMATCH,1,-1.370837626254215,-1.370837626254215,0.0,0.0,1,0.9999999999976927,runs/seeded_faults/seed_002/proposer_shared_bug,runs/seeded_faults/seed_002/replicator_shared_bug
eval-0073,synth-linear-003,3,clean,REPRODUCED,numeric_only,REPRODUCED,1,1.2126437045219596,1.2126437045219596,0.0,0.0,1,0.9999999999976843,runs/seeded_faults/seed_003/proposer_clean,runs/seeded_faults/seed_003/replicator_clean
eval-0074,synth-linear-003,3,clean,REPRODUCED,pairwise_artifact,REPRODUCED,1,1.2126437045219596,1.2126437045219596,0.0,0.0,1,0.9999999999976843,runs/seeded_faults/seed_003/proposer_clean,runs/seeded_faults/seed_003/replicator_clean
eval-0075,synth-linear-003,3,clean,REPRODUCED,pantheon,REPRODUCED,1,1.2126437045219596,1.2126437045219596,0.0,0.0,1,0.9999999999976843,runs/seeded_faults/seed_003/proposer_clean,runs/seeded_faults/seed_003/replicator_clean
eval-0076,synth-linear-003,3,data_mismatch,DATA_MISMATCH,numeric_only,STATISTICAL_DISAGREEMENT,0,1.2126437045219596,1.1657016805550175,0.28448106709731175,0.038710483377645113,1,0.8135915220789175,runs/seeded_faults/seed_003/proposer_clean,runs/seeded_faults/seed_003/replicator_data_mismatch
eval-0077,synth-linear-003,3,data_mismatch,DATA_MISMATCH,pairwise_artifact,DATA_MISMATCH,1,1.2126437045219596,1.1657016805550175,0.28448106709731175,0.038710483377645113,1,0.8135915220789175,runs/seeded_faults/seed_003/proposer_clean,runs/seeded_faults/seed_003/replicator_data_mismatch
eval-0078,synth-linear-003,3,data_mismatch,DATA_MISMATCH,pantheon,DATA_MISMATCH,1,1.2126437045219596,1.1657016805550175,0.28448106709731175,0.038710483377645113,1,0.8135915220789175,runs/seeded_faults/seed_003/proposer_clean,runs/seeded_faults/seed_003/replicator_data_mismatch
eval-0079,synth-linear-003,3,metric_mismatch,METRIC_MISMATCH,numeric_only,NOT_REPRODUCED,0,1.2126437045219596,-1.2126437045219596,15.568055402630796,1.9999999999983507,0,0.0,runs/seeded_faults/seed_003/proposer_clean,runs/seeded_faults/seed_003/replicator_metric_mismatch
eval-0080,synth-linear-003,3,metric_mismatch,METRIC_MISMATCH,pairwise_artifact,STATISTICAL_DISAGREEMENT,0,1.2126437045219596,-1.2126437045219596,15.568055402630796,1.9999999999983507,0,0.0,runs/seeded_faults/seed_003/proposer_clean,runs/seeded_faults/seed_003/replicator_metric_mismatch
eval-0081,synth-linear-003,3,metric_mismatch,METRIC_MISMATCH,pantheon,METRIC_MISMATCH,1,1.2126437045219596,-1.2126437045219596,15.568055402630796,1.9999999999983507,0,0.0,runs/seeded_faults/seed_003/proposer_clean,runs/seeded_faults/seed_003/replicator_metric_mismatch
eval-0082,synth-linear-003,3,implementation_mismatch,IMPLEMENTATION_MISMATCH,numeric_only,REPRODUCED,0,1.2126437045219596,1.1705316757866342,0.23339977228353964,0.034727454221099324,1,0.7708810134472668,runs/seeded_faults/seed_003/proposer_clean,runs/seeded_faults/seed_003/replicator_implementation_mismatch
eval-0083,synth-linear-003,3,implementation_mismatch,IMPLEMENTATION_MISMATCH,pairwise_artifact,IMPLEMENTATION_MISMATCH,1,1.2126437045219596,1.1705316757866342,0.23339977228353964,0.034727454221099324,1,0.7708810134472668,runs/seeded_faults/seed_003/proposer_clean,runs/seeded_faults/seed_003/replicator_implementation_mismatch
eval-0084,synth-linear-003,3,implementation_mismatch,IMPLEMENTATION_MISMATCH,pantheon,IMPLEMENTATION_MISMATCH,1,1.2126437045219596,1.1705316757866342,0.23339977228353964,0.034727454221099324,1,0.7708810134472668,runs/seeded_faults/seed_003/proposer_clean,runs/seeded_faults/seed_003/replicator_implementation_mismatch
eval-0085,synth-linear-003,3,environment_mismatch,ENVIRONMENT_FAILURE,numeric_only,REPRODUCED,0,1.2126437045219596,1.2126437045219596,0.0,0.0,1,0.9999999999976843,runs/seeded_faults/seed_003/proposer_clean,runs/seeded_faults/seed_003/replicator_environment_mismatch
eval-0086,synth-linear-003,3,environment_mismatch,ENVIRONMENT_FAILURE,pairwise_artifact,ENVIRONMENT_FAILURE,1,1.2126437045219596,1.2126437045219596,0.0,0.0,1,0.9999999999976843,runs/seeded_faults/seed_003/proposer_clean,runs/seeded_faults/seed_003/replicator_environment_mismatch
eval-0087,synth-linear-003,3,environment_mismatch,ENVIRONMENT_FAILURE,pantheon,ENVIRONMENT_FAILURE,1,1.2126437045219596,1.2126437045219596,0.0,0.0,1,0.9999999999976843,runs/seeded_faults/seed_003/proposer_clean,runs/seeded_faults/seed_003/replicator_environment_mismatch
eval-0088,synth-linear-003,3,protocol_ambiguous,PROTOCOL_AMBIGUOUS,numeric_only,REPRODUCED,0,1.2126437045219596,1.2126437045219596,0.0,0.0,1,0.9999999999976843,runs/seeded_faults/seed_003/proposer_clean,runs/seeded_faults/seed_003/replicator_protocol_ambiguous
eval-0089,synth-linear-003,3,protocol_ambiguous,PROTOCOL_AMBIGUOUS,pairwise_artifact,PROTOCOL_AMBIGUOUS,1,1.2126437045219596,1.2126437045219596,0.0,0.0,1,0.9999999999976843,runs/seeded_faults/seed_003/proposer_clean,runs/seeded_faults/seed_003/replicator_protocol_ambiguous
eval-0090,synth-linear-003,3,protocol_ambiguous,PROTOCOL_AMBIGUOUS,pantheon,PROTOCOL_AMBIGUOUS,1,1.2126437045219596,1.2126437045219596,0.0,0.0,1,0.9999999999976843,runs/seeded_faults/seed_003/proposer_clean,runs/seeded_faults/seed_003/replicator_protocol_ambiguous
eval-0091,synth-linear-003,3,hidden_contamination,HIDDEN_STATE_CONTAMINATION,numeric_only,REPRODUCED,0,1.2126437045219596,1.2126437045219596,0.0,0.0,1,0.9999999999976843,runs/seeded_faults/seed_003/proposer_clean,runs/seeded_faults/seed_003/replicator_hidden_contamination
eval-0092,synth-linear-003,3,hidden_contamination,HIDDEN_STATE_CONTAMINATION,pairwise_artifact,REPRODUCED,0,1.2126437045219596,1.2126437045219596,0.0,0.0,1,0.9999999999976843,runs/seeded_faults/seed_003/proposer_clean,runs/seeded_faults/seed_003/replicator_hidden_contamination
eval-0093,synth-linear-003,3,hidden_contamination,HIDDEN_STATE_CONTAMINATION,pantheon,HIDDEN_STATE_CONTAMINATION,1,1.2126437045219596,1.2126437045219596,0.0,0.0,1,0.9999999999976843,runs/seeded_faults/seed_003/proposer_clean,runs/seeded_faults/seed_003/replicator_hidden_contamination
eval-0094,synth-linear-003,3,shared_bug,IMPLEMENTATION_MISMATCH,numeric_only,REPRODUCED,0,-1.2126437045219596,-1.2126437045219596,0.0,0.0,1,0.9999999999976843,runs/seeded_faults/seed_003/proposer_shared_bug,runs/seeded_faults/seed_003/replicator_shared_bug
eval-0095,synth-linear-003,3,shared_bug,IMPLEMENTATION_MISMATCH,pairwise_artifact,REPRODUCED,0,-1.2126437045219596,-1.2126437045219596,0.0,0.0,1,0.9999999999976843,runs/seeded_faults/seed_003/proposer_shared_bug,runs/seeded_faults/seed_003/replicator_shared_bug
eval-0096,synth-linear-003,3,shared_bug,IMPLEMENTATION_MISMATCH,pantheon,IMPLEMENTATION_MISMATCH,1,-1.2126437045219596,-1.2126437045219596,0.0,0.0,1,0.9999999999976843,runs/seeded_faults/seed_003/proposer_shared_bug,runs/seeded_faults/seed_003/replicator_shared_bug
eval-0097,synth-linear-004,4,clean,REPRODUCED,numeric_only,REPRODUCED,1,1.1287546354681977,1.1287546354681977,0.0,0.0,1,0.9999999999977695,runs/seeded_faults/seed_004/proposer_clean,runs/seeded_faults/seed_004/replicator_clean
eval-0098,synth-linear-004,4,clean,REPRODUCED,pairwise_artifact,REPRODUCED,1,1.1287546354681977,1.1287546354681977,0.0,0.0,1,0.9999999999977695,runs/seeded_faults/seed_004/proposer_clean,runs/seeded_faults/seed_004/replicator_clean
eval-0099,synth-linear-004,4,clean,REPRODUCED,pantheon,REPRODUCED,1,1.1287546354681977,1.1287546354681977,0.0,0.0,1,0.9999999999977695,runs/seeded_faults/seed_004/proposer_clean,runs/seeded_faults/seed_004/replicator_clean
eval-0100,synth-linear-004,4,data_mismatch,DATA_MISMATCH,numeric_only,STATISTICAL_DISAGREEMENT,0,1.1287546354681977,1.1801915762698247,0.30109419984433394,0.04556963859576613,1,0.8037972137578692,runs/seeded_faults/seed_004/proposer_clean,runs/seeded_faults/seed_004/replicator_data_mismatch
eval-0101,synth-linear-004,4,data_mismatch,DATA_MISMATCH,pairwise_artifact,DATA_MISMATCH,1,1.1287546354681977,1.1801915762698247,0.30109419984433394,0.04556963859576613,1,0.8037972137578692,runs/seeded_faults/seed_004/proposer_clean,runs/seeded_faults/seed_004/replicator_data_mismatch
eval-0102,synth-linear-004,4,data_mismatch,DATA_MISMATCH,pantheon,DATA_MISMATCH,1,1.1287546354681977,1.1801915762698247,0.30109419984433394,0.04556963859576613,1,0.8037972137578692,runs/seeded_faults/seed_004/proposer_clean,runs/seeded_faults/seed_004/replicator_data_mismatch
eval-0103,synth-linear-004,4,metric_mismatch,METRIC_MISMATCH,numeric_only,NOT_REPRODUCED,0,1.1287546354681977,-1.1287546354681977,13.958212748865396,1.999999999998228,0,0.0,runs/seeded_faults/seed_004/proposer_clean,runs/seeded_faults/seed_004/replicator_metric_mismatch
eval-0104,synth-linear-004,4,metric_mismatch,METRIC_MISMATCH,pairwise_artifact,STATISTICAL_DISAGREEMENT,0,1.1287546354681977,-1.1287546354681977,13.958212748865396,1.999999999998228,0,0.0,runs/seeded_faults/seed_004/proposer_clean,runs/seeded_faults/seed_004/replicator_metric_mismatch
eval-0105,synth-linear-004,4,metric_mismatch,METRIC_MISMATCH,pantheon,METRIC_MISMATCH,1,1.1287546354681977,-1.1287546354681977,13.958212748865396,1.999999999998228,0,0.0,runs/seeded_faults/seed_004/proposer_clean,runs/seeded_faults/seed_004/replicator_metric_mismatch
eval-0106,synth-linear-004,4,implementation_mismatch,IMPLEMENTATION_MISMATCH,numeric_only,STATISTICAL_DISAGREEMENT,0,1.1287546354681977,1.2899835106174316,0.8510027478672609,0.1428378410000635,1,0.5267944819087599,runs/seeded_faults/seed_004/proposer_clean,runs/seeded_faults/seed_004/replicator_implementation_mismatch
eval-0107,synth-linear-004,4,implementation_mismatch,IMPLEMENTATION_MISMATCH,pairwise_artifact,IMPLEMENTATION_MISMATCH,1,1.1287546354681977,1.2899835106174316,0.8510027478672609,0.1428378410000635,1,0.5267944819087599,runs/seeded_faults/seed_004/proposer_clean,runs/seeded_faults/seed_004/replicator_implementation_mismatch
eval-0108,synth-linear-004,4,implementation_mismatch,IMPLEMENTATION_MISMATCH,pantheon,IMPLEMENTATION_MISMATCH,1,1.1287546354681977,1.2899835106174316,0.8510027478672609,0.1428378410000635,1,0.5267944819087599,runs/seeded_faults/seed_004/proposer_clean,runs/seeded_faults/seed_004/replicator_implementation_mismatch
eval-0109,synth-linear-004,4,environment_mismatch,ENVIRONMENT_FAILURE,numeric_only,REPRODUCED,0,1.1287546354681977,1.1287546354681977,0.0,0.0,1,0.9999999999977695,runs/seeded_faults/seed_004/proposer_clean,runs/seeded_faults/seed_004/replicator_environment_mismatch
eval-0110,synth-linear-004,4,environment_mismatch,ENVIRONMENT_FAILURE,pairwise_artifact,ENVIRONMENT_FAILURE,1,1.1287546354681977,1.1287546354681977,0.0,0.0,1,0.9999999999977695,runs/seeded_faults/seed_004/proposer_clean,runs/seeded_faults/seed_004/replicator_environment_mismatch
eval-0111,synth-linear-004,4,environment_mismatch,ENVIRONMENT_FAILURE,pantheon,ENVIRONMENT_FAILURE,1,1.1287546354681977,1.1287546354681977,0.0,0.0,1,0.9999999999977695,runs/seeded_faults/seed_004/proposer_clean,runs/seeded_faults/seed_004/replicator_environment_mismatch
eval-0112,synth-linear-004,4,protocol_ambiguous,PROTOCOL_AMBIGUOUS,numeric_only,REPRODUCED,0,1.1287546354681977,1.1287546354681977,0.0,0.0,1,0.9999999999977695,runs/seeded_faults/seed_004/proposer_clean,runs/seeded_faults/seed_004/replicator_protocol_ambiguous
eval-0113,synth-linear-004,4,protocol_ambiguous,PROTOCOL_AMBIGUOUS,pairwise_artifact,PROTOCOL_AMBIGUOUS,1,1.1287546354681977,1.1287546354681977,0.0,0.0,1,0.9999999999977695,runs/seeded_faults/seed_004/proposer_clean,runs/seeded_faults/seed_004/replicator_protocol_ambiguous
eval-0114,synth-linear-004,4,protocol_ambiguous,PROTOCOL_AMBIGUOUS,pantheon,PROTOCOL_AMBIGUOUS,1,1.1287546354681977,1.1287546354681977,0.0,0.0,1,0.9999999999977695,runs/seeded_faults/seed_004/proposer_clean,runs/seeded_faults/seed_004/replicator_protocol_ambiguous
eval-0115,synth-linear-004,4,hidden_contamination,HIDDEN_STATE_CONTAMINATION,numeric_only,REPRODUCED,0,1.1287546354681977,1.1287546354681977,0.0,0.0,1,0.9999999999977695,runs/seeded_faults/seed_004/proposer_clean,runs/seeded_faults/seed_004/replicator_hidden_contamination
eval-0116,synth-linear-004,4,hidden_contamination,HIDDEN_STATE_CONTAMINATION,pairwise_artifact,REPRODUCED,0,1.1287546354681977,1.1287546354681977,0.0,0.0,1,0.9999999999977695,runs/seeded_faults/seed_004/proposer_clean,runs/seeded_faults/seed_004/replicator_hidden_contamination
eval-0117,synth-linear-004,4,hidden_contamination,HIDDEN_STATE_CONTAMINATION,pantheon,HIDDEN_STATE_CONTAMINATION,1,1.1287546354681977,1.1287546354681977,0.0,0.0,1,0.9999999999977695,runs/seeded_faults/seed_004/proposer_clean,runs/seeded_faults/seed_004/replicator_hidden_contamination
eval-0118,synth-linear-004,4,shared_bug,IMPLEMENTATION_MISMATCH,numeric_only,REPRODUCED,0,-1.1287546354681977,-1.1287546354681977,0.0,0.0,1,0.9999999999977695,runs/seeded_faults/seed_004/proposer_shared_bug,runs/seeded_faults/seed_004/replicator_shared_bug
eval-0119,synth-linear-004,4,shared_bug,IMPLEMENTATION_MISMATCH,pairwise_artifact,REPRODUCED,0,-1.1287546354681977,-1.1287546354681977,0.0,0.0,1,0.9999999999977695,runs/seeded_faults/seed_004/proposer_shared_bug,runs/seeded_faults/seed_004/replicator_shared_bug
eval-0120,synth-linear-004,4,shared_bug,IMPLEMENTATION_MISMATCH,pantheon,IMPLEMENTATION_MISMATCH,1,-1.1287546354681977,-1.1287546354681977,0.0,0.0,1,0.9999999999977695,runs/seeded_faults/seed_004/proposer_shared_bug,runs/seeded_faults/seed_004/replicator_shared_bug
eval-0121,synth-linear-005,5,clean,REPRODUCED,numeric_only,REPRODUCED,1,0.8822957948985255,0.8822957948985255,0.0,0.0,1,0.9999999999977496,runs/seeded_faults/seed_005/proposer_clean,runs/seeded_faults/seed_005/replicator_clean
eval-0122,synth-linear-005,5,clean,REPRODUCED,pairwise_artifact,REPRODUCED,1,0.8822957948985255,0.8822957948985255,0.0,0.0,1,0.9999999999977496,runs/seeded_faults/seed_005/proposer_clean,runs/seeded_faults/seed_005/replicator_clean
eval-0123,synth-linear-005,5,clean,REPRODUCED,pantheon,REPRODUCED,1,0.8822957948985255,0.8822957948985255,0.0,0.0,1,0.9999999999977496,runs/seeded_faults/seed_005/proposer_clean,runs/seeded_faults/seed_005/replicator_clean
eval-0124,synth-linear-005,5,data_mismatch,DATA_MISMATCH,numeric_only,STATISTICAL_DISAGREEMENT,0,0.8822957948985255,0.8364231669984734,0.27543213743936523,0.051992345611571227,1,0.8191168491466734,runs/seeded_faults/seed_005/proposer_clean,runs/seeded_faults/seed_005/replicator_data_mismatch
eval-0125,synth-linear-005,5,data_mismatch,DATA_MISMATCH,pairwise_artifact,DATA_MISMATCH,1,0.8822957948985255,0.8364231669984734,0.27543213743936523,0.051992345611571227,1,0.8191168491466734,runs/seeded_faults/seed_005/proposer_clean,runs/seeded_faults/seed_005/replicator_data_mismatch
eval-0126,synth-linear-005,5,data_mismatch,DATA_MISMATCH,pantheon,DATA_MISMATCH,1,0.8822957948985255,0.8364231669984734,0.27543213743936523,0.051992345611571227,1,0.8191168491466734,runs/seeded_faults/seed_005/proposer_clean,runs/seeded_faults/seed_005/replicator_data_mismatch
eval-0127,synth-linear-005,5,metric_mismatch,METRIC_MISMATCH,numeric_only,NOT_REPRODUCED,0,0.8822957948985255,-0.8822957948985255,11.007422716588223,1.9999999999977331,0,0.0,runs/seeded_faults/seed_005/proposer_clean,runs/seeded_faults/seed_005/replicator_metric_mismatch
eval-0128,synth-linear-005,5,metric_mismatch,METRIC_MISMATCH,pairwise_artifact,STATISTICAL_DISAGREEMENT,0,0.8822957948985255,-0.8822957948985255,11.007422716588223,1.9999999999977331,0,0.0,runs/seeded_faults/seed_005/proposer_clean,runs/seeded_faults/seed_005/replicator_metric_mismatch
eval-0129,synth-linear-005,5,metric_mismatch,METRIC_MISMATCH,pantheon,METRIC_MISMATCH,1,0.8822957948985255,-0.8822957948985255,11.007422716588223,1.9999999999977331,0,0.0,runs/seeded_faults/seed_005/proposer_clean,runs/seeded_faults/seed_005/replicator_metric_mismatch
eval-0130,synth-linear-005,5,implementation_mismatch,IMPLEMENTATION_MISMATCH,numeric_only,STATISTICAL_DISAGREEMENT,0,0.8822957948985255,0.9757296235284915,0.5207486417057343,0.10589853104831591,1,0.6823083873458295,runs/seeded_faults/seed_005/proposer_clean,runs/seeded_faults/seed_005/replicator_implementation_mismatch
eval-0131,synth-linear-005,5,implementation_mismatch,IMPLEMENTATION_MISMATCH,pairwise_artifact,IMPLEMENTATION_MISMATCH,1,0.8822957948985255,0.9757296235284915,0.5207486417057343,0.10589853104831591,1,0.6823083873458295,runs/seeded_faults/seed_005/proposer_clean,runs/seeded_faults/seed_005/replicator_implementation_mismatch
eval-0132,synth-linear-005,5,implementation_mismatch,IMPLEMENTATION_MISMATCH,pantheon,IMPLEMENTATION_MISMATCH,1,0.8822957948985255,0.9757296235284915,0.5207486417057343,0.10589853104831591,1,0.6823083873458295,runs/seeded_faults/seed_005/proposer_clean,runs/seeded_faults/seed_005/replicator_implementation_mismatch
eval-0133,synth-linear-005,5,environment_mismatch,ENVIRONMENT_FAILURE,numeric_only,REPRODUCED,0,0.8822957948985255,0.8822957948985255,0.0,0.0,1,0.9999999999977496,runs/seeded_faults/seed_005/proposer_clean,runs/seeded_faults/seed_005/replicator_environment_mismatch
eval-0134,synth-linear-005,5,environment_mismatch,ENVIRONMENT_FAILURE,pairwise_artifact,ENVIRONMENT_FAILURE,1,0.8822957948985255,0.8822957948985255,0.0,0.0,1,0.9999999999977496,runs/seeded_faults/seed_005/proposer_clean,runs/seeded_faults/seed_005/replicator_environment_mismatch
eval-0135,synth-linear-005,5,environment_mismatch,ENVIRONMENT_FAILURE,pantheon,ENVIRONMENT_FAILURE,1,0.8822957948985255,0.8822957948985255,0.0,0.0,1,0.9999999999977496,runs/seeded_faults/seed_005/proposer_clean,runs/seeded_faults/seed_005/replicator_environment_mismatch
eval-0136,synth-linear-005,5,protocol_ambiguous,PROTOCOL_AMBIGUOUS,numeric_only,REPRODUCED,0,0.8822957948985255,0.8822957948985255,0.0,0.0,1,0.9999999999977496,runs/seeded_faults/seed_005/proposer_clean,runs/seeded_faults/seed_005/replicator_protocol_ambiguous
eval-0137,synth-linear-005,5,protocol_ambiguous,PROTOCOL_AMBIGUOUS,pairwise_artifact,PROTOCOL_AMBIGUOUS,1,0.8822957948985255,0.8822957948985255,0.0,0.0,1,0.9999999999977496,runs/seeded_faults/seed_005/proposer_clean,runs/seeded_faults/seed_005/replicator_protocol_ambiguous
eval-0138,synth-linear-005,5,protocol_ambiguous,PROTOCOL_AMBIGUOUS,pantheon,PROTOCOL_AMBIGUOUS,1,0.8822957948985255,0.8822957948985255,0.0,0.0,1,0.9999999999977496,runs/seeded_faults/seed_005/proposer_clean,runs/seeded_faults/seed_005/replicator_protocol_ambiguous
eval-0139,synth-linear-005,5,hidden_contamination,HIDDEN_STATE_CONTAMINATION,numeric_only,REPRODUCED,0,0.8822957948985255,0.8822957948985255,0.0,0.0,1,0.9999999999977496,runs/seeded_faults/seed_005/proposer_clean,runs/seeded_faults/seed_005/replicator_hidden_contamination
eval-0140,synth-linear-005,5,hidden_contamination,HIDDEN_STATE_CONTAMINATION,pairwise_artifact,REPRODUCED,0,0.8822957948985255,0.8822957948985255,0.0,0.0,1,0.9999999999977496,runs/seeded_faults/seed_005/proposer_clean,runs/seeded_faults/seed_005/replicator_hidden_contamination
eval-0141,synth-linear-005,5,hidden_contamination,HIDDEN_STATE_CONTAMINATION,pantheon,HIDDEN_STATE_CONTAMINATION,1,0.8822957948985255,0.8822957948985255,0.0,0.0,1,0.9999999999977496,runs/seeded_faults/seed_005/proposer_clean,runs/seeded_faults/seed_005/replicator_hidden_contamination
eval-0142,synth-linear-005,5,shared_bug,IMPLEMENTATION_MISMATCH,numeric_only,REPRODUCED,0,-0.8822957948985255,-0.8822957948985255,0.0,0.0,1,0.9999999999977496,runs/seeded_faults/seed_005/proposer_shared_bug,runs/seeded_faults/seed_005/replicator_shared_bug
eval-0143,synth-linear-005,5,shared_bug,IMPLEMENTATION_MISMATCH,pairwise_artifact,REPRODUCED,0,-0.8822957948985255,-0.8822957948985255,0.0,0.0,1,0.9999999999977496,runs/seeded_faults/seed_005/proposer_shared_bug,runs/seeded_faults/seed_005/replicator_shared_bug
eval-0144,synth-linear-005,5,shared_bug,IMPLEMENTATION_MISMATCH,pantheon,IMPLEMENTATION_MISMATCH,1,-0.8822957948985255,-0.8822957948985255,0.0,0.0,1,0.9999999999977496,runs/seeded_faults/seed_005/proposer_shared_bug,runs/seeded_faults/seed_005/replicator_shared_bug
eval-0145,synth-linear-006,6,clean,REPRODUCED,numeric_only,REPRODUCED,1,1.2059763660160572,1.2059763660160572,0.0,0.0,1,0.9999999999976327,runs/seeded_faults/seed_006/proposer_clean,runs/seeded_faults/seed_006/replicator_clean
eval-0146,synth-linear-006,6,clean,REPRODUCED,pairwise_artifact,REPRODUCED,1,1.2059763660160572,1.2059763660160572,0.0,0.0,1,0.9999999999976327,runs/seeded_faults/seed_006/proposer_clean,runs/seeded_faults/seed_006/replicator_clean
eval-0147,synth-linear-006,6,clean,REPRODUCED,pantheon,REPRODUCED,1,1.2059763660160572,1.2059763660160572,0.0,0.0,1,0.9999999999976327,runs/seeded_faults/seed_006/proposer_clean,runs/seeded_faults/seed_006/replicator_clean
eval-0148,synth-linear-006,6,data_mismatch,DATA_MISMATCH,numeric_only,STATISTICAL_DISAGREEMENT,0,1.2059763660160572,1.248793667184249,0.2716468375992325,0.03550426225150934,1,0.8214042186805531,runs/seeded_faults/seed_006/proposer_clean,runs/seeded_faults/seed_006/replicator_data_mismatch
eval-0149,synth-linear-006,6,data_mismatch,DATA_MISMATCH,pairwise_artifact,DATA_MISMATCH,1,1.2059763660160572,1.248793667184249,0.2716468375992325,0.03550426225150934,1,0.8214042186805531,runs/seeded_faults/seed_006/proposer_clean,runs/seeded_faults/seed_006/replicator_data_mismatch
eval-0150,synth-linear-006,6,data_mismatch,DATA_MISMATCH,pantheon,DATA_MISMATCH,1,1.2059763660160572,1.248793667184249,0.2716468375992325,0.03550426225150934,1,0.8214042186805531,runs/seeded_faults/seed_006/proposer_clean,runs/seeded_faults/seed_006/replicator_data_mismatch
eval-0151,synth-linear-006,6,metric_mismatch,METRIC_MISMATCH,numeric_only,NOT_REPRODUCED,0,1.2059763660160572,-1.2059763660160572,15.827015808593268,1.9999999999983415,0,0.0,runs/seeded_faults/seed_006/proposer_clean,runs/seeded_faults/seed_006/replicator_metric_mismatch
eval-0152,synth-linear-006,6,metric_mismatch,METRIC_MISMATCH,pairwise_artifact,STATISTICAL_DISAGREEMENT,0,1.2059763660160572,-1.2059763660160572,15.827015808593268,1.9999999999983415,0,0.0,runs/seeded_faults/seed_006/proposer_clean,runs/seeded_faults/seed_006/replicator_metric_mismatch
eval-0153,synth-linear-006,6,metric_mismatch,METRIC_MISMATCH,pantheon,METRIC_MISMATCH,1,1.2059763660160572,-1.2059763660160572,15.827015808593268,1.9999999999983415,0,0.0,runs/seeded_faults/seed_006/proposer_clean,runs/seeded_faults/seed_006/replicator_metric_mismatch
eval-0154,synth-linear-006,6,implementation_mismatch,IMPLEMENTATION_MISMATCH,numeric_only,STATISTICAL_DISAGREEMENT,0,1.2059763660160572,1.3752727865221055,0.9384266226373881,0.14038120918171773,1,0.49013791882136554,runs/seeded_faults/seed_006/proposer_clean,runs/seeded_faults/seed_006/replicator_implementation_mismatch
eval-0155,synth-linear-006,6,implementation_mismatch,IMPLEMENTATION_MISMATCH,pairwise_artifact,IMPLEMENTATION_MISMATCH,1,1.2059763660160572,1.3752727865221055,0.9384266226373881,0.14038120918171773,1,0.49013791882136554,runs/seeded_faults/seed_006/proposer_clean,runs/seeded_faults/seed_006/replicator_implementation_mismatch
eval-0156,synth-linear-006,6,implementation_mismatch,IMPLEMENTATION_MISMATCH,pantheon,IMPLEMENTATION_MISMATCH,1,1.2059763660160572,1.3752727865221055,0.9384266226373881,0.14038120918171773,1,0.49013791882136554,runs/seeded_faults/seed_006/proposer_clean,runs/seeded_faults/seed_006/replicator_implementation_mismatch
eval-0157,synth-linear-006,6,environment_mismatch,ENVIRONMENT_FAILURE,numeric_only,REPRODUCED,0,1.2059763660160572,1.2059763660160572,0.0,0.0,1,0.9999999999976327,runs/seeded_faults/seed_006/proposer_clean,runs/seeded_faults/seed_006/replicator_environment_mismatch
eval-0158,synth-linear-006,6,environment_mismatch,ENVIRONMENT_FAILURE,pairwise_artifact,ENVIRONMENT_FAILURE,1,1.2059763660160572,1.2059763660160572,0.0,0.0,1,0.9999999999976327,runs/seeded_faults/seed_006/proposer_clean,runs/seeded_faults/seed_006/replicator_environment_mismatch
eval-0159,synth-linear-006,6,environment_mismatch,ENVIRONMENT_FAILURE,pantheon,ENVIRONMENT_FAILURE,1,1.2059763660160572,1.2059763660160572,0.0,0.0,1,0.9999999999976327,runs/seeded_faults/seed_006/proposer_clean,runs/seeded_faults/seed_006/replicator_environment_mismatch
eval-0160,synth-linear-006,6,protocol_ambiguous,PROTOCOL_AMBIGUOUS,numeric_only,REPRODUCED,0,1.2059763660160572,1.2059763660160572,0.0,0.0,1,0.9999999999976327,runs/seeded_faults/seed_006/proposer_clean,runs/seeded_faults/seed_006/replicator_protocol_ambiguous
eval-0161,synth-linear-006,6,protocol_ambiguous,PROTOCOL_AMBIGUOUS,pairwise_artifact,PROTOCOL_AMBIGUOUS,1,1.2059763660160572,1.2059763660160572,0.0,0.0,1,0.9999999999976327,runs/seeded_faults/seed_006/proposer_clean,runs/seeded_faults/seed_006/replicator_protocol_ambiguous
eval-0162,synth-linear-006,6,protocol_ambiguous,PROTOCOL_AMBIGUOUS,pantheon,PROTOCOL_AMBIGUOUS,1,1.2059763660160572,1.2059763660160572,0.0,0.0,1,0.9999999999976327,runs/seeded_faults/seed_006/proposer_clean,runs/seeded_faults/seed_006/replicator_protocol_ambiguous
eval-0163,synth-linear-006,6,hidden_contamination,HIDDEN_STATE_CONTAMINATION,numeric_only,REPRODUCED,0,1.2059763660160572,1.2059763660160572,0.0,0.0,1,0.9999999999976327,runs/seeded_faults/seed_006/proposer_clean,runs/seeded_faults/seed_006/replicator_hidden_contamination
eval-0164,synth-linear-006,6,hidden_contamination,HIDDEN_STATE_CONTAMINATION,pairwise_artifact,REPRODUCED,0,1.2059763660160572,1.2059763660160572,0.0,0.0,1,0.9999999999976327,runs/seeded_faults/seed_006/proposer_clean,runs/seeded_faults/seed_006/replicator_hidden_contamination
eval-0165,synth-linear-006,6,hidden_contamination,HIDDEN_STATE_CONTAMINATION,pantheon,HIDDEN_STATE_CONTAMINATION,1,1.2059763660160572,1.2059763660160572,0.0,0.0,1,0.9999999999976327,runs/seeded_faults/seed_006/proposer_clean,runs/seeded_faults/seed_006/replicator_hidden_contamination
eval-0166,synth-linear-006,6,shared_bug,IMPLEMENTATION_MISMATCH,numeric_only,REPRODUCED,0,-1.2059763660160572,-1.2059763660160572,0.0,0.0,1,0.9999999999976327,runs/seeded_faults/seed_006/proposer_shared_bug,runs/seeded_faults/seed_006/replicator_shared_bug
eval-0167,synth-linear-006,6,shared_bug,IMPLEMENTATION_MISMATCH,pairwise_artifact,REPRODUCED,0,-1.2059763660160572,-1.2059763660160572,0.0,0.0,1,0.9999999999976327,runs/seeded_faults/seed_006/proposer_shared_bug,runs/seeded_faults/seed_006/replicator_shared_bug
eval-0168,synth-linear-006,6,shared_bug,IMPLEMENTATION_MISMATCH,pantheon,IMPLEMENTATION_MISMATCH,1,-1.2059763660160572,-1.2059763660160572,0.0,0.0,1,0.9999999999976327,runs/seeded_faults/seed_006/proposer_shared_bug,runs/seeded_faults/seed_006/replicator_shared_bug
eval-0169,synth-linear-007,7,clean,REPRODUCED,numeric_only,REPRODUCED,1,1.2353793466412364,1.2353793466412364,0.0,0.0,1,0.9999999999976801,runs/seeded_faults/seed_007/proposer_clean,runs/seeded_faults/seed_007/replicator_clean
eval-0170,synth-linear-007,7,clean,REPRODUCED,pairwise_artifact,REPRODUCED,1,1.2353793466412364,1.2353793466412364,0.0,0.0,1,0.9999999999976801,runs/seeded_faults/seed_007/proposer_clean,runs/seeded_faults/seed_007/replicator_clean
eval-0171,synth-linear-007,7,clean,REPRODUCED,pantheon,REPRODUCED,1,1.2353793466412364,1.2353793466412364,0.0,0.0,1,0.9999999999976801,runs/seeded_faults/seed_007/proposer_clean,runs/seeded_faults/seed_007/replicator_clean
eval-0172,synth-linear-007,7,data_mismatch,DATA_MISMATCH,numeric_only,STATISTICAL_DISAGREEMENT,0,1.2353793466412364,1.1839944222727588,0.32040131603026256,0.04159444992191424,1,0.7926889274542243,runs/seeded_faults/seed_007/proposer_clean,runs/seeded_faults/seed_007/replicator_data_mismatch
eval-0173,synth-linear-007,7,data_mismatch,DATA_MISMATCH,pairwise_artifact,DATA_MISMATCH,1,1.2353793466412364,1.1839944222727588,0.32040131603026256,0.04159444992191424,1,0.7926889274542243,runs/seeded_faults/seed_007/proposer_clean,runs/seeded_faults/seed_007/replicator_data_mismatch
eval-0174,synth-linear-007,7,data_mismatch,DATA_MISMATCH,pantheon,DATA_MISMATCH,1,1.2353793466412364,1.1839944222727588,0.32040131603026256,0.04159444992191424,1,0.7926889274542243,runs/seeded_faults/seed_007/proposer_clean,runs/seeded_faults/seed_007/replicator_data_mismatch
eval-0175,synth-linear-007,7,metric_mismatch,METRIC_MISMATCH,numeric_only,NOT_REPRODUCED,0,1.2353793466412364,-1.2353793466412364,15.888281391460323,1.9999999999983809,0,0.0,runs/seeded_faults/seed_007/proposer_clean,runs/seeded_faults/seed_007/replicator_metric_mismatch
eval-0176,synth-linear-007,7,metric_mismatch,METRIC_MISMATCH,pairwise_artifact,STATISTICAL_DISAGREEMENT,0,1.2353793466412364,-1.2353793466412364,15.888281391460323,1.9999999999983809,0,0.0,runs/seeded_faults/seed_007/proposer_clean,runs/seeded_faults/seed_007/replicator_metric_mismatch
eval-0177,synth-linear-007,7,metric_mismatch,METRIC_MISMATCH,pantheon,METRIC_MISMATCH,1,1.2353793466412364,-1.2353793466412364,15.888281391460323,1.9999999999983809,0,0.0,runs/seeded_faults/seed_007/proposer_clean,runs/seeded_faults/seed_007/replicator_metric_mismatch
eval-0178,synth-linear-007,7,implementation_mismatch,IMPLEMENTATION_MISMATCH,numeric_only,STATISTICAL_DISAGREEMENT,0,1.2353793466412364,1.1302339945783777,0.596383860394401,0.08511179367588098,1,0.6440451445912447,runs/seeded_faults/seed_007/proposer_clean,runs/seeded_faults/seed_007/replicator_implementation_mismatch
eval-0179,synth-linear-007,7,implementation_mismatch,IMPLEMENTATION_MISMATCH,pairwise_artifact,IMPLEMENTATION_MISMATCH,1,1.2353793466412364,1.1302339945783777,0.596383860394401,0.08511179367588098,1,0.6440451445912447,runs/seeded_faults/seed_007/proposer_clean,runs/seeded_faults/seed_007/replicator_implementation_mismatch
eval-0180,synth-linear-007,7,implementation_mismatch,IMPLEMENTATION_MISMATCH,pantheon,IMPLEMENTATION_MISMATCH,1,1.2353793466412364,1.1302339945783777,0.596383860394401,0.08511179367588098,1,0.6440451445912447,runs/seeded_faults/seed_007/proposer_clean,runs/seeded_faults/seed_007/replicator_implementation_mismatch
eval-0181,synth-linear-007,7,environment_mismatch,ENVIRONMENT_FAILURE,numeric_only,REPRODUCED,0,1.2353793466412364,1.2353793466412364,0.0,0.0,1,0.9999999999976801,runs/seeded_faults/seed_007/proposer_clean,runs/seeded_faults/seed_007/replicator_environment_mismatch
eval-0182,synth-linear-007,7,environment_mismatch,ENVIRONMENT_FAILURE,pairwise_artifact,ENVIRONMENT_FAILURE,1,1.2353793466412364,1.2353793466412364,0.0,0.0,1,0.9999999999976801,runs/seeded_faults/seed_007/proposer_clean,runs/seeded_faults/seed_007/replicator_environment_mismatch
eval-0183,synth-linear-007,7,environment_mismatch,ENVIRONMENT_FAILURE,pantheon,ENVIRONMENT_FAILURE,1,1.2353793466412364,1.2353793466412364,0.0,0.0,1,0.9999999999976801,runs/seeded_faults/seed_007/proposer_clean,runs/seeded_faults/seed_007/replicator_environment_mismatch
eval-0184,synth-linear-007,7,protocol_ambiguous,PROTOCOL_AMBIGUOUS,numeric_only,REPRODUCED,0,1.2353793466412364,1.2353793466412364,0.0,0.0,1,0.9999999999976801,runs/seeded_faults/seed_007/proposer_clean,runs/seeded_faults/seed_007/replicator_protocol_ambiguous
eval-0185,synth-linear-007,7,protocol_ambiguous,PROTOCOL_AMBIGUOUS,pairwise_artifact,PROTOCOL_AMBIGUOUS,1,1.2353793466412364,1.2353793466412364,0.0,0.0,1,0.9999999999976801,runs/seeded_faults/seed_007/proposer_clean,runs/seeded_faults/seed_007/replicator_protocol_ambiguous
eval-0186,synth-linear-007,7,protocol_ambiguous,PROTOCOL_AMBIGUOUS,pantheon,PROTOCOL_AMBIGUOUS,1,1.2353793466412364,1.2353793466412364,0.0,0.0,1,0.9999999999976801,runs/seeded_faults/seed_007/proposer_clean,runs/seeded_faults/seed_007/replicator_protocol_ambiguous
eval-0187,synth-linear-007,7,hidden_contamination,HIDDEN_STATE_CONTAMINATION,numeric_only,REPRODUCED,0,1.2353793466412364,1.2353793466412364,0.0,0.0,1,0.9999999999976801,runs/seeded_faults/seed_007/proposer_clean,runs/seeded_faults/seed_007/replicator_hidden_contamination
eval-0188,synth-linear-007,7,hidden_contamination,HIDDEN_STATE_CONTAMINATION,pairwise_artifact,REPRODUCED,0,1.2353793466412364,1.2353793466412364,0.0,0.0,1,0.9999999999976801,runs/seeded_faults/seed_007/proposer_clean,runs/seeded_faults/seed_007/replicator_hidden_contamination
eval-0189,synth-linear-007,7,hidden_contamination,HIDDEN_STATE_CONTAMINATION,pantheon,HIDDEN_STATE_CONTAMINATION,1,1.2353793466412364,1.2353793466412364,0.0,0.0,1,0.9999999999976801,runs/seeded_faults/seed_007/proposer_clean,runs/seeded_faults/seed_007/replicator_hidden_contamination
eval-0190,synth-linear-007,7,shared_bug,IMPLEMENTATION_MISMATCH,numeric_only,REPRODUCED,0,-1.2353793466412364,-1.2353793466412364,0.0,0.0,1,0.9999999999976801,runs/seeded_faults/seed_007/proposer_shared_bug,runs/seeded_faults/seed_007/replicator_shared_bug
eval-0191,synth-linear-007,7,shared_bug,IMPLEMENTATION_MISMATCH,pairwise_artifact,REPRODUCED,0,-1.2353793466412364,-1.2353793466412364,0.0,0.0,1,0.9999999999976801,runs/seeded_faults/seed_007/proposer_shared_bug,runs/seeded_faults/seed_007/replicator_shared_bug
eval-0192,synth-linear-007,7,shared_bug,IMPLEMENTATION_MISMATCH,pantheon,IMPLEMENTATION_MISMATCH,1,-1.2353793466412364,-1.2353793466412364,0.0,0.0,1,0.9999999999976801,runs/seeded_faults/seed_007/proposer_shared_bug,runs/seeded_faults/seed_007/replicator_shared_bug
eval-0193,synth-linear-008,8,clean,REPRODUCED,numeric_only,REPRODUCED,1,1.0678503459773652,1.0678503459773652,0.0,0.0,1,0.999999999997762,runs/seeded_faults/seed_008/proposer_clean,runs/seeded_faults/seed_008/replicator_clean
eval-0194,synth-linear-008,8,clean,REPRODUCED,pairwise_artifact,REPRODUCED,1,1.0678503459773652,1.0678503459773652,0.0,0.0,1,0.999999999997762,runs/seeded_faults/seed_008/proposer_clean,runs/seeded_faults/seed_008/replicator_clean
eval-0195,synth-linear-008,8,clean,REPRODUCED,pantheon,REPRODUCED,1,1.0678503459773652,1.0678503459773652,0.0,0.0,1,0.999999999997762,runs/seeded_faults/seed_008/proposer_clean,runs/seeded_faults/seed_008/replicator_clean
eval-0196,synth-linear-008,8,data_mismatch,DATA_MISMATCH,numeric_only,STATISTICAL_DISAGREEMENT,0,1.0678503459773652,1.121780703051393,0.31562042147606445,0.05050366587147275,1,0.7952689924485635,runs/seeded_faults/seed_008/proposer_clean,runs/seeded_faults/seed_008/replicator_data_mismatch
eval-0197,synth-linear-008,8,data_mismatch,DATA_MISMATCH,pairwise_artifact,DATA_MISMATCH,1,1.0678503459773652,1.121780703051393,0.31562042147606445,0.05050366587147275,1,0.7952689924485635,runs/seeded_faults/seed_008/proposer_clean,runs/seeded_faults/seed_008/replicator_data_mismatch
eval-0198,synth-linear-008,8,data_mismatch,DATA_MISMATCH,pantheon,DATA_MISMATCH,1,1.0678503459773652,1.121780703051393,0.31562042147606445,0.05050366587147275,1,0.7952689924485635,runs/seeded_faults/seed_008/proposer_clean,runs/seeded_faults/seed_008/replicator_data_mismatch
eval-0199,synth-linear-008,8,metric_mismatch,METRIC_MISMATCH,numeric_only,NOT_REPRODUCED,0,1.0678503459773652,-1.0678503459773652,13.248940842196385,1.9999999999981268,0,0.0,runs/seeded_faults/seed_008/proposer_clean,runs/seeded_faults/seed_008/replicator_metric_mismatch
eval-0200,synth-linear-008,8,metric_mismatch,METRIC_MISMATCH,pairwise_artifact,STATISTICAL_DISAGREEMENT,0,1.0678503459773652,-1.0678503459773652,13.248940842196385,1.9999999999981268,0,0.0,runs/seeded_faults/seed_008/proposer_clean,runs/seeded_faults/seed_008/replicator_metric_mismatch
eval-0201,synth-linear-008,8,metric_mismatch,METRIC_MISMATCH,pantheon,METRIC_MISMATCH,1,1.0678503459773652,-1.0678503459773652,13.248940842196385,1.9999999999981268,0,0.0,runs/seeded_faults/seed_008/proposer_clean,runs/seeded_faults/seed_008/replicator_metric_mismatch
eval-0202,synth-linear-008,8,implementation_mismatch,IMPLEMENTATION_MISMATCH,numeric_only,STATISTICAL_DISAGREEMENT,0,1.0678503459773652,1.1262767142631698,0.31513705995675045,0.054714004172817236,1,0.7795300997439215,runs/seeded_faults/seed_008/proposer_clean,runs/seeded_faults/seed_008/replicator_implementation_mismatch
eval-0203,synth-linear-008,8,implementation_mismatch,IMPLEMENTATION_MISMATCH,pairwise_artifact,IMPLEMENTATION_MISMATCH,1,1.0678503459773652,1.1262767142631698,0.31513705995675045,0.054714004172817236,1,0.7795300997439215,runs/seeded_faults/seed_008/proposer_clean,runs/seeded_faults/seed_008/replicator_implementation_mismatch
eval-0204,synth-linear-008,8,implementation_mismatch,IMPLEMENTATION_MISMATCH,pantheon,IMPLEMENTATION_MISMATCH,1,1.0678503459773652,1.1262767142631698,0.31513705995675045,0.054714004172817236,1,0.7795300997439215,runs/seeded_faults/seed_008/proposer_clean,runs/seeded_faults/seed_008/replicator_implementation_mismatch
eval-0205,synth-linear-008,8,environment_mismatch,ENVIRONMENT_FAILURE,numeric_only,REPRODUCED,0,1.0678503459773652,1.0678503459773652,0.0,0.0,1,0.999999999997762,runs/seeded_faults/seed_008/proposer_clean,runs/seeded_faults/seed_008/replicator_environment_mismatch
eval-0206,synth-linear-008,8,environment_mismatch,ENVIRONMENT_FAILURE,pairwise_artifact,ENVIRONMENT_FAILURE,1,1.0678503459773652,1.0678503459773652,0.0,0.0,1,0.999999999997762,runs/seeded_faults/seed_008/proposer_clean,runs/seeded_faults/seed_008/replicator_environment_mismatch
eval-0207,synth-linear-008,8,environment_mismatch,ENVIRONMENT_FAILURE,pantheon,ENVIRONMENT_FAILURE,1,1.0678503459773652,1.0678503459773652,0.0,0.0,1,0.999999999997762,runs/seeded_faults/seed_008/proposer_clean,runs/seeded_faults/seed_008/replicator_environment_mismatch
eval-0208,synth-linear-008,8,protocol_ambiguous,PROTOCOL_AMBIGUOUS,numeric_only,REPRODUCED,0,1.0678503459773652,1.0678503459773652,0.0,0.0,1,0.999999999997762,runs/seeded_faults/seed_008/proposer_clean,runs/seeded_faults/seed_008/replicator_protocol_ambiguous
eval-0209,synth-linear-008,8,protocol_ambiguous,PROTOCOL_AMBIGUOUS,pairwise_artifact,PROTOCOL_AMBIGUOUS,1,1.0678503459773652,1.0678503459773652,0.0,0.0,1,0.999999999997762,runs/seeded_faults/seed_008/proposer_clean,runs/seeded_faults/seed_008/replicator_protocol_ambiguous
eval-0210,synth-linear-008,8,protocol_ambiguous,PROTOCOL_AMBIGUOUS,pantheon,PROTOCOL_AMBIGUOUS,1,1.0678503459773652,1.0678503459773652,0.0,0.0,1,0.999999999997762,runs/seeded_faults/seed_008/proposer_clean,runs/seeded_faults/seed_008/replicator_protocol_ambiguous
eval-0211,synth-linear-008,8,hidden_contamination,HIDDEN_STATE_CONTAMINATION,numeric_only,REPRODUCED,0,1.0678503459773652,1.0678503459773652,0.0,0.0,1,0.999999999997762,runs/seeded_faults/seed_008/proposer_clean,runs/seeded_faults/seed_008/replicator_hidden_contamination
eval-0212,synth-linear-008,8,hidden_contamination,HIDDEN_STATE_CONTAMINATION,pairwise_artifact,REPRODUCED,0,1.0678503459773652,1.0678503459773652,0.0,0.0,1,0.999999999997762,runs/seeded_faults/seed_008/proposer_clean,runs/seeded_faults/seed_008/replicator_hidden_contamination
eval-0213,synth-linear-008,8,hidden_contamination,HIDDEN_STATE_CONTAMINATION,pantheon,HIDDEN_STATE_CONTAMINATION,1,1.0678503459773652,1.0678503459773652,0.0,0.0,1,0.999999999997762,runs/seeded_faults/seed_008/proposer_clean,runs/seeded_faults/seed_008/replicator_hidden_contamination
eval-0214,synth-linear-008,8,shared_bug,IMPLEMENTATION_MISMATCH,numeric_only,REPRODUCED,0,-1.0678503459773652,-1.0678503459773652,0.0,0.0,1,0.999999999997762,runs/seeded_faults/seed_008/proposer_shared_bug,runs/seeded_faults/seed_008/replicator_shared_bug
eval-0215,synth-linear-008,8,shared_bug,IMPLEMENTATION_MISMATCH,pairwise_artifact,REPRODUCED,0,-1.0678503459773652,-1.0678503459773652,0.0,0.0,1,0.999999999997762,runs/seeded_faults/seed_008/proposer_shared_bug,runs/seeded_faults/seed_008/replicator_shared_bug
eval-0216,synth-linear-008,8,shared_bug,IMPLEMENTATION_MISMATCH,pantheon,IMPLEMENTATION_MISMATCH,1,-1.0678503459773652,-1.0678503459773652,0.0,0.0,1,0.999999999997762,runs/seeded_faults/seed_008/proposer_shared_bug,runs/seeded_faults/seed_008/replicator_shared_bug
eval-0217,synth-linear-009,9,clean,REPRODUCED,numeric_only,REPRODUCED,1,1.3261482863614835,1.3261482863614835,0.0,0.0,1,0.9999999999975983,runs/seeded_faults/seed_009/proposer_clean,runs/seeded_faults/seed_009/replicator_clean
eval-0218,synth-linear-009,9,clean,REPRODUCED,pairwise_artifact,REPRODUCED,1,1.3261482863614835,1.3261482863614835,0.0,0.0,1,0.9999999999975983,runs/seeded_faults/seed_009/proposer_clean,runs/seeded_faults/seed_009/replicator_clean
eval-0219,synth-linear-009,9,clean,REPRODUCED,pantheon,REPRODUCED,1,1.3261482863614835,1.3261482863614835,0.0,0.0,1,0.9999999999975983,runs/seeded_faults/seed_009/proposer_clean,runs/seeded_faults/seed_009/replicator_clean
eval-0220,synth-linear-009,9,data_mismatch,DATA_MISMATCH,numeric_only,STATISTICAL_DISAGREEMENT,0,1.3261482863614835,1.2767547360039875,0.309654563993364,0.03724587277715263,1,0.7987328756666577,runs/seeded_faults/seed_009/proposer_clean,runs/seeded_faults/seed_009/replicator_data_mismatch
eval-0221,synth-linear-009,9,data_mismatch,DATA_MISMATCH,pairwise_artifact,DATA_MISMATCH,1,1.3261482863614835,1.2767547360039875,0.309654563993364,0.03724587277715263,1,0.7987328756666577,runs/seeded_faults/seed_009/proposer_clean,runs/seeded_faults/seed_009/replicator_data_mismatch
eval-0222,synth-linear-009,9,data_mismatch,DATA_MISMATCH,pantheon,DATA_MISMATCH,1,1.3261482863614835,1.2767547360039875,0.309654563993364,0.03724587277715263,1,0.7987328756666577,runs/seeded_faults/seed_009/proposer_clean,runs/seeded_faults/seed_009/replicator_data_mismatch
eval-0223,synth-linear-009,9,metric_mismatch,METRIC_MISMATCH,numeric_only,NOT_REPRODUCED,0,1.3261482863614835,-1.3261482863614835,17.657577356669197,1.9999999999984917,0,0.0,runs/seeded_faults/seed_009/proposer_clean,runs/seeded_faults/seed_009/replicator_metric_mismatch
eval-0224,synth-linear-009,9,metric_mismatch,METRIC_MISMATCH,pairwise_artifact,STATISTICAL_DISAGREEMENT,0,1.3261482863614835,-1.3261482863614835,17.657577356669197,1.9999999999984917,0,0.0,runs/seeded_faults/seed_009/proposer_clean,runs/seeded_faults/seed_009/replicator_metric_mismatch
eval-0225,synth-linear-009,9,metric_mismatch,METRIC_MISMATCH,pantheon,METRIC_MISMATCH,1,1.3261482863614835,-1.3261482863614835,17.657577356669197,1.9999999999984917,0,0.0,runs/seeded_faults/seed_009/proposer_clean,runs/seeded_faults/seed_009/replicator_metric_mismatch
eval-0226,synth-linear-009,9,implementation_mismatch,IMPLEMENTATION_MISMATCH,numeric_only,STATISTICAL_DISAGREEMENT,0,1.3261482863614835,1.260321460673358,0.38614836376204836,0.049637605662247015,1,0.7540773941013444,runs/seeded_faults/seed_009/proposer_clean,runs/seeded_faults/seed_009/replicator_implementation_mismatch
eval-0227,synth-linear-009,9,implementation_mismatch,IMPLEMENTATION_MISMATCH,pairwise_artifact,IMPLEMENTATION_MISMATCH,1,1.3261482863614835,1.260321460673358,0.38614836376204836,0.049637605662247015,1,0.7540773941013444,runs/seeded_faults/seed_009/proposer_clean,runs/seeded_faults/seed_009/replicator_implementation_mismatch
eval-0228,synth-linear-009,9,implementation_mismatch,IMPLEMENTATION_MISMATCH,pantheon,IMPLEMENTATION_MISMATCH,1,1.3261482863614835,1.260321460673358,0.38614836376204836,0.049637605662247015,1,0.7540773941013444,runs/seeded_faults/seed_009/proposer_clean,runs/seeded_faults/seed_009/replicator_implementation_mismatch
eval-0229,synth-linear-009,9,environment_mismatch,ENVIRONMENT_FAILURE,numeric_only,REPRODUCED,0,1.3261482863614835,1.3261482863614835,0.0,0.0,1,0.9999999999975983,runs/seeded_faults/seed_009/proposer_clean,runs/seeded_faults/seed_009/replicator_environment_mismatch
eval-0230,synth-linear-009,9,environment_mismatch,ENVIRONMENT_FAILURE,pairwise_artifact,ENVIRONMENT_FAILURE,1,1.3261482863614835,1.3261482863614835,0.0,0.0,1,0.9999999999975983,runs/seeded_faults/seed_009/proposer_clean,runs/seeded_faults/seed_009/replicator_environment_mismatch
eval-0231,synth-linear-009,9,environment_mismatch,ENVIRONMENT_FAILURE,pantheon,ENVIRONMENT_FAILURE,1,1.3261482863614835,1.3261482863614835,0.0,0.0,1,0.9999999999975983,runs/seeded_faults/seed_009/proposer_clean,runs/seeded_faults/seed_009/replicator_environment_mismatch
eval-0232,synth-linear-009,9,protocol_ambiguous,PROTOCOL_AMBIGUOUS,numeric_only,REPRODUCED,0,1.3261482863614835,1.3261482863614835,0.0,0.0,1,0.9999999999975983,runs/seeded_faults/seed_009/proposer_clean,runs/seeded_faults/seed_009/replicator_protocol_ambiguous
eval-0233,synth-linear-009,9,protocol_ambiguous,PROTOCOL_AMBIGUOUS,pairwise_artifact,PROTOCOL_AMBIGUOUS,1,1.3261482863614835,1.3261482863614835,0.0,0.0,1,0.9999999999975983,runs/seeded_faults/seed_009/proposer_clean,runs/seeded_faults/seed_009/replicator_protocol_ambiguous
eval-0234,synth-linear-009,9,protocol_ambiguous,PROTOCOL_AMBIGUOUS,pantheon,PROTOCOL_AMBIGUOUS,1,1.3261482863614835,1.3261482863614835,0.0,0.0,1,0.9999999999975983,runs/seeded_faults/seed_009/proposer_clean,runs/seeded_faults/seed_009/replicator_protocol_ambiguous
eval-0235,synth-linear-009,9,hidden_contamination,HIDDEN_STATE_CONTAMINATION,numeric_only,REPRODUCED,0,1.3261482863614835,1.3261482863614835,0.0,0.0,1,0.9999999999975983,runs/seeded_faults/seed_009/proposer_clean,runs/seeded_faults/seed_009/replicator_hidden_contamination
eval-0236,synth-linear-009,9,hidden_contamination,HIDDEN_STATE_CONTAMINATION,pairwise_artifact,REPRODUCED,0,1.3261482863614835,1.3261482863614835,0.0,0.0,1,0.9999999999975983,runs/seeded_faults/seed_009/proposer_clean,runs/seeded_faults/seed_009/replicator_hidden_contamination
eval-0237,synth-linear-009,9,hidden_contamination,HIDDEN_STATE_CONTAMINATION,pantheon,HIDDEN_STATE_CONTAMINATION,1,1.3261482863614835,1.3261482863614835,0.0,0.0,1,0.9999999999975983,runs/seeded_faults/seed_009/proposer_clean,runs/seeded_faults/seed_009/replicator_hidden_contamination
eval-0238,synth-linear-009,9,shared_bug,IMPLEMENTATION_MISMATCH,numeric_only,REPRODUCED,0,-1.3261482863614835,-1.3261482863614835,0.0,0.0,1,0.9999999999975983,runs/seeded_faults/seed_009/proposer_shared_bug,runs/seeded_faults/seed_009/replicator_shared_bug
eval-0239,synth-linear-009,9,shared_bug,IMPLEMENTATION_MISMATCH,pairwise_artifact,REPRODUCED,0,-1.3261482863614835,-1.3261482863614835,0.0,0.0,1,0.9999999999975983,runs/seeded_faults/seed_009/proposer_shared_bug,runs/seeded_faults/seed_009/replicator_shared_bug
eval-0240,synth-linear-009,9,shared_bug,IMPLEMENTATION_MISMATCH,pantheon,IMPLEMENTATION_MISMATCH,1,-1.3261482863614835,-1.3261482863614835,0.0,0.0,1,0.9999999999975983,runs/seeded_faults/seed_009/proposer_shared_bug,runs/seeded_faults/seed_009/replicator_shared_bug
eval-0241,synth-linear-010,10,clean,REPRODUCED,numeric_only,REPRODUCED,1,1.3544950454981015,1.3544950454981015,0.0,0.0,1,0.9999999999977485,runs/seeded_faults/seed_010/proposer_clean,runs/seeded_faults/seed_010/replicator_clean
eval-0242,synth-linear-010,10,clean,REPRODUCED,pairwise_artifact,REPRODUCED,1,1.3544950454981015,1.3544950454981015,0.0,0.0,1,0.9999999999977485,runs/seeded_faults/seed_010/proposer_clean,runs/seeded_faults/seed_010/replicator_clean
eval-0243,synth-linear-010,10,clean,REPRODUCED,pantheon,REPRODUCED,1,1.3544950454981015,1.3544950454981015,0.0,0.0,1,0.9999999999977485,runs/seeded_faults/seed_010/proposer_clean,runs/seeded_faults/seed_010/replicator_clean
eval-0244,synth-linear-010,10,data_mismatch,DATA_MISMATCH,numeric_only,STATISTICAL_DISAGREEMENT,0,1.3544950454981015,1.4088034575394102,0.3243583256082994,0.04009495067683854,1,0.7903142112220766,runs/seeded_faults/seed_010/proposer_clean,runs/seeded_faults/seed_010/replicator_data_mismatch
eval-0245,synth-linear-010,10,data_mismatch,DATA_MISMATCH,pairwise_artifact,DATA_MISMATCH,1,1.3544950454981015,1.4088034575394102,0.3243583256082994,0.04009495067683854,1,0.7903142112220766,runs/seeded_faults/seed_010/proposer_clean,runs/seeded_faults/seed_010/replicator_data_mismatch
eval-0246,synth-linear-010,10,data_mismatch,DATA_MISMATCH,pantheon,DATA_MISMATCH,1,1.3544950454981015,1.4088034575394102,0.3243583256082994,0.04009495067683854,1,0.7903142112220766,runs/seeded_faults/seed_010/proposer_clean,runs/seeded_faults/seed_010/replicator_data_mismatch
eval-0247,synth-linear-010,10,metric_mismatch,METRIC_MISMATCH,numeric_only,NOT_REPRODUCED,0,1.3544950454981015,-1.3544950454981015,16.906797271232815,1.9999999999985234,0,0.0,runs/seeded_faults/seed_010/proposer_clean,runs/seeded_faults/seed_010/replicator_metric_mismatch
eval-0248,synth-linear-010,10,metric_mismatch,METRIC_MISMATCH,pairwise_artifact,STATISTICAL_DISAGREEMENT,0,1.3544950454981015,-1.3544950454981015,16.906797271232815,1.9999999999985234,0,0.0,runs/seeded_faults/seed_010/proposer_clean,runs/seeded_faults/seed_010/replicator_metric_mismatch
eval-0249,synth-linear-010,10,metric_mismatch,METRIC_MISMATCH,pantheon,METRIC_MISMATCH,1,1.3544950454981015,-1.3544950454981015,16.906797271232815,1.9999999999985234,0,0.0,runs/seeded_faults/seed_010/proposer_clean,runs/seeded_faults/seed_010/replicator_metric_mismatch
eval-0250,synth-linear-010,10,implementation_mismatch,IMPLEMENTATION_MISMATCH,numeric_only,STATISTICAL_DISAGREEMENT,0,1.3544950454981015,1.4973142268601245,0.7907567700461642,0.10544090348399707,1,0.5540856721407261,runs/seeded_faults/seed_010/proposer_clean,runs/seeded_faults/seed_010/replicator_implementation_mismatch
eval-0251,synth-linear-010,10,implementation_mismatch,IMPLEMENTATION_MISMATCH,pairwise_artifact,IMPLEMENTATION_MISMATCH,1,1.3544950454981015,1.4973142268601245,0.7907567700461642,0.10544090348399707,1,0.5540856721407261,runs/seeded_faults/seed_010/proposer_clean,runs/seeded_faults/seed_010/replicator_implementation_mismatch
eval-0252,synth-linear-010,10,implementation_mismatch,IMPLEMENTATION_MISMATCH,pantheon,IMPLEMENTATION_MISMATCH,1,1.3544950454981015,1.4973142268601245,0.7907567700461642,0.10544090348399707,1,0.5540856721407261,runs/seeded_faults/seed_010/proposer_clean,runs/seeded_faults/seed_010/replicator_implementation_mismatch
eval-0253,synth-linear-010,10,environment_mismatch,ENVIRONMENT_FAILURE,numeric_only,REPRODUCED,0,1.3544950454981015,1.3544950454981015,0.0,0.0,1,0.9999999999977485,runs/seeded_faults/seed_010/proposer_clean,runs/seeded_faults/seed_010/replicator_environment_mismatch
eval-0254,synth-linear-010,10,environment_mismatch,ENVIRONMENT_FAILURE,pairwise_artifact,ENVIRONMENT_FAILURE,1,1.3544950454981015,1.3544950454981015,0.0,0.0,1,0.9999999999977485,runs/seeded_faults/seed_010/proposer_clean,runs/seeded_faults/seed_010/replicator_environment_mismatch
eval-0255,synth-linear-010,10,environment_mismatch,ENVIRONMENT_FAILURE,pantheon,ENVIRONMENT_FAILURE,1,1.3544950454981015,1.3544950454981015,0.0,0.0,1,0.9999999999977485,runs/seeded_faults/seed_010/proposer_clean,runs/seeded_faults/seed_010/replicator_environment_mismatch
eval-0256,synth-linear-010,10,protocol_ambiguous,PROTOCOL_AMBIGUOUS,numeric_only,REPRODUCED,0,1.3544950454981015,1.3544950454981015,0.0,0.0,1,0.9999999999977485,runs/seeded_faults/seed_010/proposer_clean,runs/seeded_faults/seed_010/replicator_protocol_ambiguous
eval-0257,synth-linear-010,10,protocol_ambiguous,PROTOCOL_AMBIGUOUS,pairwise_artifact,PROTOCOL_AMBIGUOUS,1,1.3544950454981015,1.3544950454981015,0.0,0.0,1,0.9999999999977485,runs/seeded_faults/seed_010/proposer_clean,runs/seeded_faults/seed_010/replicator_protocol_ambiguous
eval-0258,synth-linear-010,10,protocol_ambiguous,PROTOCOL_AMBIGUOUS,pantheon,PROTOCOL_AMBIGUOUS,1,1.3544950454981015,1.3544950454981015,0.0,0.0,1,0.9999999999977485,runs/seeded_faults/seed_010/proposer_clean,runs/seeded_faults/seed_010/replicator_protocol_ambiguous
eval-0259,synth-linear-010,10,hidden_contamination,HIDDEN_STATE_CONTAMINATION,numeric_only,REPRODUCED,0,1.3544950454981015,1.3544950454981015,0.0,0.0,1,0.9999999999977485,runs/seeded_faults/seed_010/proposer_clean,runs/seeded_faults/seed_010/replicator_hidden_contamination
eval-0260,synth-linear-010,10,hidden_contamination,HIDDEN_STATE_CONTAMINATION,pairwise_artifact,REPRODUCED,0,1.3544950454981015,1.3544950454981015,0.0,0.0,1,0.9999999999977485,runs/seeded_faults/seed_010/proposer_clean,runs/seeded_faults/seed_010/replicator_hidden_contamination
eval-0261,synth-linear-010,10,hidden_contamination,HIDDEN_STATE_CONTAMINATION,pantheon,HIDDEN_STATE_CONTAMINATION,1,1.3544950454981015,1.3544950454981015,0.0,0.0,1,0.9999999999977485,runs/seeded_faults/seed_010/proposer_clean,runs/seeded_faults/seed_010/replicator_hidden_contamination
eval-0262,synth-linear-010,10,shared_bug,IMPLEMENTATION_MISMATCH,numeric_only,REPRODUCED,0,-1.3544950454981015,-1.3544950454981015,0.0,0.0,1,0.9999999999977485,runs/seeded_faults/seed_010/proposer_shared_bug,runs/seeded_faults/seed_010/replicator_shared_bug
eval-0263,synth-linear-010,10,shared_bug,IMPLEMENTATION_MISMATCH,pairwise_artifact,REPRODUCED,0,-1.3544950454981015,-1.3544950454981015,0.0,0.0,1,0.9999999999977485,runs/seeded_faults/seed_010/proposer_shared_bug,runs/seeded_faults/seed_010/replicator_shared_bug
eval-0264,synth-linear-010,10,shared_bug,IMPLEMENTATION_MISMATCH,pantheon,IMPLEMENTATION_MISMATCH,1,-1.3544950454981015,-1.3544950454981015,0.0,0.0,1,0.9999999999977485,runs/seeded_faults/seed_010/proposer_shared_bug,runs/seeded_faults/seed_010/replicator_shared_bug
eval-0265,synth-linear-011,11,clean,REPRODUCED,numeric_only,REPRODUCED,1,1.1971818169404207,1.1971818169404207,0.0,0.0,1,0.9999999999977613,runs/seeded_faults/seed_011/proposer_clean,runs/seeded_faults/seed_011/replicator_clean
eval-0266,synth-linear-011,11,clean,REPRODUCED,pairwise_artifact,REPRODUCED,1,1.1971818169404207,1.1971818169404207,0.0,0.0,1,0.9999999999977613,runs/seeded_faults/seed_011/proposer_clean,runs/seeded_faults/seed_011/replicator_clean
eval-0267,synth-linear-011,11,clean,REPRODUCED,pantheon,REPRODUCED,1,1.1971818169404207,1.1971818169404207,0.0,0.0,1,0.9999999999977613,runs/seeded_faults/seed_011/proposer_clean,runs/seeded_faults/seed_011/replicator_clean
eval-0268,synth-linear-011,11,data_mismatch,DATA_MISMATCH,numeric_only,STATISTICAL_DISAGREEMENT,0,1.1971818169404207,1.148385518383314,0.28881839951928,0.04075930478277077,1,0.8110972180943651,runs/seeded_faults/seed_011/proposer_clean,runs/seeded_faults/seed_011/replicator_data_mismatch
eval-0269,synth-linear-011,11,data_mismatch,DATA_MISMATCH,pairwise_artifact,DATA_MISMATCH,1,1.1971818169404207,1.148385518383314,0.28881839951928,0.04075930478277077,1,0.8110972180943651,runs/seeded_faults/seed_011/proposer_clean,runs/seeded_faults/seed_011/replicator_data_mismatch
eval-0270,synth-linear-011,11,data_mismatch,DATA_MISMATCH,pantheon,DATA_MISMATCH,1,1.1971818169404207,1.148385518383314,0.28881839951928,0.04075930478277077,1,0.8110972180943651,runs/seeded_faults/seed_011/proposer_clean,runs/seeded_faults/seed_011/replicator_data_mismatch
eval-0271,synth-linear-011,11,metric_mismatch,METRIC_MISMATCH,numeric_only,NOT_REPRODUCED,0,1.1971818169404207,-1.1971818169404207,14.857629432285227,1.9999999999983293,0,0.0,runs/seeded_faults/seed_011/proposer_clean,runs/seeded_faults/seed_011/replicator_metric_mismatch
eval-0272,synth-linear-011,11,metric_mismatch,METRIC_MISMATCH,pairwise_artifact,STATISTICAL_DISAGREEMENT,0,1.1971818169404207,-1.1971818169404207,14.857629432285227,1.9999999999983293,0,0.0,runs/seeded_faults/seed_011/proposer_clean,runs/seeded_faults/seed_011/replicator_metric_mismatch
eval-0273,synth-linear-011,11,metric_mismatch,METRIC_MISMATCH,pantheon,METRIC_MISMATCH,1,1.1971818169404207,-1.1971818169404207,14.857629432285227,1.9999999999983293,0,0.0,runs/seeded_faults/seed_011/proposer_clean,runs/seeded_faults/seed_011/replicator_metric_mismatch
eval-0274,synth-linear-011,11,implementation_mismatch,IMPLEMENTATION_MISMATCH,numeric_only,REPRODUCED,0,1.1971818169404207,1.2228077695073094,0.13829960821043968,0.02140523035369707,1,0.7799103115345388,runs/seeded_faults/seed_011/proposer_clean,runs/seeded_faults/seed_011/replicator_implementation_mismatch
eval-0275,synth-linear-011,11,implementation_mismatch,IMPLEMENTATION_MISMATCH,pairwise_artifact,IMPLEMENTATION_MISMATCH,1,1.1971818169404207,1.2228077695073094,0.13829960821043968,0.02140523035369707,1,0.7799103115345388,runs/seeded_faults/seed_011/proposer_clean,runs/seeded_faults/seed_011/replicator_implementation_mismatch
eval-0276,synth-linear-011,11,implementation_mismatch,IMPLEMENTATION_MISMATCH,pantheon,IMPLEMENTATION_MISMATCH,1,1.1971818169404207,1.2228077695073094,0.13829960821043968,0.02140523035369707,1,0.7799103115345388,runs/seeded_faults/seed_011/proposer_clean,runs/seeded_faults/seed_011/replicator_implementation_mismatch
eval-0277,synth-linear-011,11,environment_mismatch,ENVIRONMENT_FAILURE,numeric_only,REPRODUCED,0,1.1971818169404207,1.1971818169404207,0.0,0.0,1,0.9999999999977613,runs/seeded_faults/seed_011/proposer_clean,runs/seeded_faults/seed_011/replicator_environment_mismatch
eval-0278,synth-linear-011,11,environment_mismatch,ENVIRONMENT_FAILURE,pairwise_artifact,ENVIRONMENT_FAILURE,1,1.1971818169404207,1.1971818169404207,0.0,0.0,1,0.9999999999977613,runs/seeded_faults/seed_011/proposer_clean,runs/seeded_faults/seed_011/replicator_environment_mismatch
eval-0279,synth-linear-011,11,environment_mismatch,ENVIRONMENT_FAILURE,pantheon,ENVIRONMENT_FAILURE,1,1.1971818169404207,1.1971818169404207,0.0,0.0,1,0.9999999999977613,runs/seeded_faults/seed_011/proposer_clean,runs/seeded_faults/seed_011/replicator_environment_mismatch
eval-0280,synth-linear-011,11,protocol_ambiguous,PROTOCOL_AMBIGUOUS,numeric_only,REPRODUCED,0,1.1971818169404207,1.1971818169404207,0.0,0.0,1,0.9999999999977613,runs/seeded_faults/seed_011/proposer_clean,runs/seeded_faults/seed_011/replicator_protocol_ambiguous
eval-0281,synth-linear-011,11,protocol_ambiguous,PROTOCOL_AMBIGUOUS,pairwise_artifact,PROTOCOL_AMBIGUOUS,1,1.1971818169404207,1.1971818169404207,0.0,0.0,1,0.9999999999977613,runs/seeded_faults/seed_011/proposer_clean,runs/seeded_faults/seed_011/replicator_protocol_ambiguous
eval-0282,synth-linear-011,11,protocol_ambiguous,PROTOCOL_AMBIGUOUS,pantheon,PROTOCOL_AMBIGUOUS,1,1.1971818169404207,1.1971818169404207,0.0,0.0,1,0.9999999999977613,runs/seeded_faults/seed_011/proposer_clean,runs/seeded_faults/seed_011/replicator_protocol_ambiguous
eval-0283,synth-linear-011,11,hidden_contamination,HIDDEN_STATE_CONTAMINATION,numeric_only,REPRODUCED,0,1.1971818169404207,1.1971818169404207,0.0,0.0,1,0.9999999999977613,runs/seeded_faults/seed_011/proposer_clean,runs/seeded_faults/seed_011/replicator_hidden_contamination
eval-0284,synth-linear-011,11,hidden_contamination,HIDDEN_STATE_CONTAMINATION,pairwise_artifact,REPRODUCED,0,1.1971818169404207,1.1971818169404207,0.0,0.0,1,0.9999999999977613,runs/seeded_faults/seed_011/proposer_clean,runs/seeded_faults/seed_011/replicator_hidden_contamination
eval-0285,synth-linear-011,11,hidden_contamination,HIDDEN_STATE_CONTAMINATION,pantheon,HIDDEN_STATE_CONTAMINATION,1,1.1971818169404207,1.1971818169404207,0.0,0.0,1,0.9999999999977613,runs/seeded_faults/seed_011/proposer_clean,runs/seeded_faults/seed_011/replicator_hidden_contamination
eval-0286,synth-linear-011,11,shared_bug,IMPLEMENTATION_MISMATCH,numeric_only,REPRODUCED,0,-1.1971818169404207,-1.1971818169404207,0.0,0.0,1,0.9999999999977613,runs/seeded_faults/seed_011/proposer_shared_bug,runs/seeded_faults/seed_011/replicator_shared_bug
eval-0287,synth-linear-011,11,shared_bug,IMPLEMENTATION_MISMATCH,pairwise_artifact,REPRODUCED,0,-1.1971818169404207,-1.1971818169404207,0.0,0.0,1,0.9999999999977613,runs/seeded_faults/seed_011/proposer_shared_bug,runs/seeded_faults/seed_011/replicator_shared_bug
eval-0288,synth-linear-011,11,shared_bug,IMPLEMENTATION_MISMATCH,pantheon,IMPLEMENTATION_MISMATCH,1,-1.1971818169404207,-1.1971818169404207,0.0,0.0,1,0.9999999999977613,runs/seeded_faults/seed_011/proposer_shared_bug,runs/seeded_faults/seed_011/replicator_shared_bug
eval-0289,synth-linear-012,12,clean,REPRODUCED,numeric_only,REPRODUCED,1,1.4671155311295807,1.4671155311295807,0.0,0.0,1,0.9999999999977148,runs/seeded_faults/seed_012/proposer_clean,runs/seeded_faults/seed_012/replicator_clean
eval-0290,synth-linear-012,12,clean,REPRODUCED,pairwise_artifact,REPRODUCED,1,1.4671155311295807,1.4671155311295807,0.0,0.0,1,0.9999999999977148,runs/seeded_faults/seed_012/proposer_clean,runs/seeded_faults/seed_012/replicator_clean
eval-0291,synth-linear-012,12,clean,REPRODUCED,pantheon,REPRODUCED,1,1.4671155311295807,1.4671155311295807,0.0,0.0,1,0.9999999999977148,runs/seeded_faults/seed_012/proposer_clean,runs/seeded_faults/seed_012/replicator_clean
eval-0292,synth-linear-012,12,data_mismatch,DATA_MISMATCH,numeric_only,STATISTICAL_DISAGREEMENT,0,1.4671155311295807,1.51994165875928,0.3178534596924236,0.03600679463122492,1,0.7940294155912073,runs/seeded_faults/seed_012/proposer_clean,runs/seeded_faults/seed_012/replicator_data_mismatch
eval-0293,synth-linear-012,12,data_mismatch,DATA_MISMATCH,pairwise_artifact,DATA_MISMATCH,1,1.4671155311295807,1.51994165875928,0.3178534596924236,0.03600679463122492,1,0.7940294155912073,runs/seeded_faults/seed_012/proposer_clean,runs/seeded_faults/seed_012/replicator_data_mismatch
eval-0294,synth-linear-012,12,data_mismatch,DATA_MISMATCH,pantheon,DATA_MISMATCH,1,1.4671155311295807,1.51994165875928,0.3178534596924236,0.03600679463122492,1,0.7940294155912073,runs/seeded_faults/seed_012/proposer_clean,runs/seeded_faults/seed_012/replicator_data_mismatch
eval-0295,synth-linear-012,12,metric_mismatch,METRIC_MISMATCH,numeric_only,NOT_REPRODUCED,0,1.4671155311295807,-1.4671155311295807,18.586203438955064,1.9999999999986366,0,0.0,runs/seeded_faults/seed_012/proposer_clean,runs/seeded_faults/seed_012/replicator_metric_mismatch
eval-0296,synth-linear-012,12,metric_mismatch,METRIC_MISMATCH,pairwise_artifact,STATISTICAL_DISAGREEMENT,0,1.4671155311295807,-1.4671155311295807,18.586203438955064,1.9999999999986366,0,0.0,runs/seeded_faults/seed_012/proposer_clean,runs/seeded_faults/seed_012/replicator_metric_mismatch
eval-0297,synth-linear-012,12,metric_mismatch,METRIC_MISMATCH,pantheon,METRIC_MISMATCH,1,1.4671155311295807,-1.4671155311295807,18.586203438955064,1.9999999999986366,0,0.0,runs/seeded_faults/seed_012/proposer_clean,runs/seeded_faults/seed_012/replicator_metric_mismatch
eval-0298,synth-linear-012,12,implementation_mismatch,IMPLEMENTATION_MISMATCH,numeric_only,STATISTICAL_DISAGREEMENT,0,1.4671155311295807,1.5309005251871528,0.3537562324680719,0.04347646296704285,1,0.7722412653023487,runs/seeded_faults/seed_012/proposer_clean,runs/seeded_faults/seed_012/replicator_implementation_mismatch
eval-0299,synth-linear-012,12,implementation_mismatch,IMPLEMENTATION_MISMATCH,pairwise_artifact,IMPLEMENTATION_MISMATCH,1,1.4671155311295807,1.5309005251871528,0.3537562324680719,0.04347646296704285,1,0.7722412653023487,runs/seeded_faults/seed_012/proposer_clean,runs/seeded_faults/seed_012/replicator_implementation_mismatch
eval-0300,synth-linear-012,12,implementation_mismatch,IMPLEMENTATION_MISMATCH,pantheon,IMPLEMENTATION_MISMATCH,1,1.4671155311295807,1.5309005251871528,0.3537562324680719,0.04347646296704285,1,0.7722412653023487,runs/seeded_faults/seed_012/proposer_clean,runs/seeded_faults/seed_012/replicator_implementation_mismatch
eval-0301,synth-linear-012,12,environment_mismatch,ENVIRONMENT_FAILURE,numeric_only,REPRODUCED,0,1.4671155311295807,1.4671155311295807,0.0,0.0,1,0.9999999999977148,runs/seeded_faults/seed_012/proposer_clean,runs/seeded_faults/seed_012/replicator_environment_mismatch
eval-0302,synth-linear-012,12,environment_mismatch,ENVIRONMENT_FAILURE,pairwise_artifact,ENVIRONMENT_FAILURE,1,1.4671155311295807,1.4671155311295807,0.0,0.0,1,0.9999999999977148,runs/seeded_faults/seed_012/proposer_clean,runs/seeded_faults/seed_012/replicator_environment_mismatch
eval-0303,synth-linear-012,12,environment_mismatch,ENVIRONMENT_FAILURE,pantheon,ENVIRONMENT_FAILURE,1,1.4671155311295807,1.4671155311295807,0.0,0.0,1,0.9999999999977148,runs/seeded_faults/seed_012/proposer_clean,runs/seeded_faults/seed_012/replicator_environment_mismatch
eval-0304,synth-linear-012,12,protocol_ambiguous,PROTOCOL_AMBIGUOUS,numeric_only,REPRODUCED,0,1.4671155311295807,1.4671155311295807,0.0,0.0,1,0.9999999999977148,runs/seeded_faults/seed_012/proposer_clean,runs/seeded_faults/seed_012/replicator_protocol_ambiguous
eval-0305,synth-linear-012,12,protocol_ambiguous,PROTOCOL_AMBIGUOUS,pairwise_artifact,PROTOCOL_AMBIGUOUS,1,1.4671155311295807,1.4671155311295807,0.0,0.0,1,0.9999999999977148,runs/seeded_faults/seed_012/proposer_clean,runs/seeded_faults/seed_012/replicator_protocol_ambiguous
eval-0306,synth-linear-012,12,protocol_ambiguous,PROTOCOL_AMBIGUOUS,pantheon,PROTOCOL_AMBIGUOUS,1,1.4671155311295807,1.4671155311295807,0.0,0.0,1,0.9999999999977148,runs/seeded_faults/seed_012/proposer_clean,runs/seeded_faults/seed_012/replicator_protocol_ambiguous
eval-0307,synth-linear-012,12,hidden_contamination,HIDDEN_STATE_CONTAMINATION,numeric_only,REPRODUCED,0,1.4671155311295807,1.4671155311295807,0.0,0.0,1,0.9999999999977148,runs/seeded_faults/seed_012/proposer_clean,runs/seeded_faults/seed_012/replicator_hidden_contamination
eval-0308,synth-linear-012,12,hidden_contamination,HIDDEN_STATE_CONTAMINATION,pairwise_artifact,REPRODUCED,0,1.4671155311295807,1.4671155311295807,0.0,0.0,1,0.9999999999977148,runs/seeded_faults/seed_012/proposer_clean,runs/seeded_faults/seed_012/replicator_hidden_contamination
eval-0309,synth-linear-012,12,hidden_contamination,HIDDEN_STATE_CONTAMINATION,pantheon,HIDDEN_STATE_CONTAMINATION,1,1.4671155311295807,1.4671155311295807,0.0,0.0,1,0.9999999999977148,runs/seeded_faults/seed_012/proposer_clean,runs/seeded_faults/seed_012/replicator_hidden_contamination
eval-0310,synth-linear-012,12,shared_bug,IMPLEMENTATION_MISMATCH,numeric_only,REPRODUCED,0,-1.4671155311295807,-1.4671155311295807,0.0,0.0,1,0.9999999999977148,runs/seeded_faults/seed_012/proposer_shared_bug,runs/seeded_faults/seed_012/replicator_shared_bug
eval-0311,synth-linear-012,12,shared_bug,IMPLEMENTATION_MISMATCH,pairwise_artifact,REPRODUCED,0,-1.4671155311295807,-1.4671155311295807,0.0,0.0,1,0.9999999999977148,runs/seeded_faults/seed_012/proposer_shared_bug,runs/seeded_faults/seed_012/replicator_shared_bug
eval-0312,synth-linear-012,12,shared_bug,IMPLEMENTATION_MISMATCH,pantheon,IMPLEMENTATION_MISMATCH,1,-1.4671155311295807,-1.4671155311295807,0.0,0.0,1,0.9999999999977148,runs/seeded_faults/seed_012/proposer_shared_bug,runs/seeded_faults/seed_012/replicator_shared_bug
eval-0313,synth-linear-013,13,clean,REPRODUCED,numeric_only,REPRODUCED,1,1.3567180787361983,1.3567180787361983,0.0,0.0,1,0.9999999999976878,runs/seeded_faults/seed_013/proposer_clean,runs/seeded_faults/seed_013/replicator_clean
eval-0314,synth-linear-013,13,clean,REPRODUCED,pairwise_artifact,REPRODUCED,1,1.3567180787361983,1.3567180787361983,0.0,0.0,1,0.9999999999976878,runs/seeded_faults/seed_013/proposer_clean,runs/seeded_faults/seed_013/replicator_clean
eval-0315,synth-linear-013,13,clean,REPRODUCED,pantheon,REPRODUCED,1,1.3567180787361983,1.3567180787361983,0.0,0.0,1,0.9999999999976878,runs/seeded_faults/seed_013/proposer_clean,runs/seeded_faults/seed_013/replicator_clean
eval-0316,synth-linear-013,13,data_mismatch,DATA_MISMATCH,numeric_only,REPRODUCED,0,1.3567180787361983,1.3194607338352615,0.22707753582939733,0.027461375716033107,1,0.84840064417694,runs/seeded_faults/seed_013/proposer_clean,runs/seeded_faults/seed_013/replicator_data_mismatch
eval-0317,synth-linear-013,13,data_mismatch,DATA_MISMATCH,pairwise_artifact,DATA_MISMATCH,1,1.3567180787361983,1.3194607338352615,0.22707753582939733,0.027461375716033107,1,0.84840064417694,runs/seeded_faults/seed_013/proposer_clean,runs/seeded_faults/seed_013/replicator_data_mismatch
eval-0318,synth-linear-013,13,data_mismatch,DATA_MISMATCH,pantheon,DATA_MISMATCH,1,1.3567180787361983,1.3194607338352615,0.22707753582939733,0.027461375716033107,1,0.84840064417694,runs/seeded_faults/seed_013/proposer_clean,runs/seeded_faults/seed_013/replicator_data_mismatch
eval-0319,synth-linear-013,13,metric_mismatch,METRIC_MISMATCH,numeric_only,NOT_REPRODUCED,0,1.3567180787361983,-1.3567180787361983,17.390343279334683,1.9999999999985256,0,0.0,runs/seeded_faults/seed_013/proposer_clean,runs/seeded_faults/seed_013/replicator_metric_mismatch
eval-0320,synth-linear-013,13,metric_mismatch,METRIC_MISMATCH,pairwise_artifact,STATISTICAL_DISAGREEMENT,0,1.3567180787361983,-1.3567180787361983,17.390343279334683,1.9999999999985256,0,0.0,runs/seeded_faults/seed_013/proposer_clean,runs/seeded_faults/seed_013/replicator_metric_mismatch
eval-0321,synth-linear-013,13,metric_mismatch,METRIC_MISMATCH,pantheon,METRIC_MISMATCH,1,1.3567180787361983,-1.3567180787361983,17.390343279334683,1.9999999999985256,0,0.0,runs/seeded_faults/seed_013/proposer_clean,runs/seeded_faults/seed_013/replicator_metric_mismatch
eval-0322,synth-linear-013,13,implementation_mismatch,IMPLEMENTATION_MISMATCH,numeric_only,STATISTICAL_DISAGREEMENT,0,1.3567180787361983,1.2299226465763256,0.6927500396312952,0.09345746485363489,1,0.597016291096478,runs/seeded_faults/seed_013/proposer_clean,runs/seeded_faults/seed_013/replicator_implementation_mismatch
eval-0323,synth-linear-013,13,implementation_mismatch,IMPLEMENTATION_MISMATCH,pairwise_artifact,IMPLEMENTATION_MISMATCH,1,1.3567180787361983,1.2299226465763256,0.6927500396312952,0.09345746485363489,1,0.597016291096478,runs/seeded_faults/seed_013/proposer_clean,runs/seeded_faults/seed_013/replicator_implementation_mismatch
eval-0324,synth-linear-013,13,implementation_mismatch,IMPLEMENTATION_MISMATCH,pantheon,IMPLEMENTATION_MISMATCH,1,1.3567180787361983,1.2299226465763256,0.6927500396312952,0.09345746485363489,1,0.597016291096478,runs/seeded_faults/seed_013/proposer_clean,runs/seeded_faults/seed_013/replicator_implementation_mismatch
eval-0325,synth-linear-013,13,environment_mismatch,ENVIRONMENT_FAILURE,numeric_only,REPRODUCED,0,1.3567180787361983,1.3567180787361983,0.0,0.0,1,0.9999999999976878,runs/seeded_faults/seed_013/proposer_clean,runs/seeded_faults/seed_013/replicator_environment_mismatch
eval-0326,synth-linear-013,13,environment_mismatch,ENVIRONMENT_FAILURE,pairwise_artifact,ENVIRONMENT_FAILURE,1,1.3567180787361983,1.3567180787361983,0.0,0.0,1,0.9999999999976878,runs/seeded_faults/seed_013/proposer_clean,runs/seeded_faults/seed_013/replicator_environment_mismatch
eval-0327,synth-linear-013,13,environment_mismatch,ENVIRONMENT_FAILURE,pantheon,ENVIRONMENT_FAILURE,1,1.3567180787361983,1.3567180787361983,0.0,0.0,1,0.9999999999976878,runs/seeded_faults/seed_013/proposer_clean,runs/seeded_faults/seed_013/replicator_environment_mismatch
eval-0328,synth-linear-013,13,protocol_ambiguous,PROTOCOL_AMBIGUOUS,numeric_only,REPRODUCED,0,1.3567180787361983,1.3567180787361983,0.0,0.0,1,0.9999999999976878,runs/seeded_faults/seed_013/proposer_clean,runs/seeded_faults/seed_013/replicator_protocol_ambiguous
eval-0329,synth-linear-013,13,protocol_ambiguous,PROTOCOL_AMBIGUOUS,pairwise_artifact,PROTOCOL_AMBIGUOUS,1,1.3567180787361983,1.3567180787361983,0.0,0.0,1,0.9999999999976878,runs/seeded_faults/seed_013/proposer_clean,runs/seeded_faults/seed_013/replicator_protocol_ambiguous
eval-0330,synth-linear-013,13,protocol_ambiguous,PROTOCOL_AMBIGUOUS,pantheon,PROTOCOL_AMBIGUOUS,1,1.3567180787361983,1.3567180787361983,0.0,0.0,1,0.9999999999976878,runs/seeded_faults/seed_013/proposer_clean,runs/seeded_faults/seed_013/replicator_protocol_ambiguous
eval-0331,synth-linear-013,13,hidden_contamination,HIDDEN_STATE_CONTAMINATION,numeric_only,REPRODUCED,0,1.3567180787361983,1.3567180787361983,0.0,0.0,1,0.9999999999976878,runs/seeded_faults/seed_013/proposer_clean,runs/seeded_faults/seed_013/replicator_hidden_contamination
eval-0332,synth-linear-013,13,hidden_contamination,HIDDEN_STATE_CONTAMINATION,pairwise_artifact,REPRODUCED,0,1.3567180787361983,1.3567180787361983,0.0,0.0,1,0.9999999999976878,runs/seeded_faults/seed_013/proposer_clean,runs/seeded_faults/seed_013/replicator_hidden_contamination
eval-0333,synth-linear-013,13,hidden_contamination,HIDDEN_STATE_CONTAMINATION,pantheon,HIDDEN_STATE_CONTAMINATION,1,1.3567180787361983,1.3567180787361983,0.0,0.0,1,0.9999999999976878,runs/seeded_faults/seed_013/proposer_clean,runs/seeded_faults/seed_013/replicator_hidden_contamination
eval-0334,synth-linear-013,13,shared_bug,IMPLEMENTATION_MISMATCH,numeric_only,REPRODUCED,0,-1.3567180787361983,-1.3567180787361983,0.0,0.0,1,0.9999999999976878,runs/seeded_faults/seed_013/proposer_shared_bug,runs/seeded_faults/seed_013/replicator_shared_bug
eval-0335,synth-linear-013,13,shared_bug,IMPLEMENTATION_MISMATCH,pairwise_artifact,REPRODUCED,0,-1.3567180787361983,-1.3567180787361983,0.0,0.0,1,0.9999999999976878,runs/seeded_faults/seed_013/proposer_shared_bug,runs/seeded_faults/seed_013/replicator_shared_bug
eval-0336,synth-linear-013,13,shared_bug,IMPLEMENTATION_MISMATCH,pantheon,IMPLEMENTATION_MISMATCH,1,-1.3567180787361983,-1.3567180787361983,0.0,0.0,1,0.9999999999976878,runs/seeded_faults/seed_013/proposer_shared_bug,runs/seeded_faults/seed_013/replicator_shared_bug
eval-0337,synth-linear-014,14,clean,REPRODUCED,numeric_only,REPRODUCED,1,1.279740527007352,1.279740527007352,0.0,0.0,1,0.9999999999977414,runs/seeded_faults/seed_014/proposer_clean,runs/seeded_faults/seed_014/replicator_clean
eval-0338,synth-linear-014,14,clean,REPRODUCED,pairwise_artifact,REPRODUCED,1,1.279740527007352,1.279740527007352,0.0,0.0,1,0.9999999999977414,runs/seeded_faults/seed_014/proposer_clean,runs/seeded_faults/seed_014/replicator_clean
eval-0339,synth-linear-014,14,clean,REPRODUCED,pantheon,REPRODUCED,1,1.279740527007352,1.279740527007352,0.0,0.0,1,0.9999999999977414,runs/seeded_faults/seed_014/proposer_clean,runs/seeded_faults/seed_014/replicator_clean
eval-0340,synth-linear-014,14,data_mismatch,DATA_MISMATCH,numeric_only,STATISTICAL_DISAGREEMENT,0,1.279740527007352,1.3321622789183376,0.3135570313062721,0.040962797383256894,1,0.7965746913318646,runs/seeded_faults/seed_014/proposer_clean,runs/seeded_faults/seed_014/replicator_data_mismatch
eval-0341,synth-linear-014,14,data_mismatch,DATA_MISMATCH,pairwise_artifact,DATA_MISMATCH,1,1.279740527007352,1.3321622789183376,0.3135570313062721,0.040962797383256894,1,0.7965746913318646,runs/seeded_faults/seed_014/proposer_clean,runs/seeded_faults/seed_014/replicator_data_mismatch
eval-0342,synth-linear-014,14,data_mismatch,DATA_MISMATCH,pantheon,DATA_MISMATCH,1,1.279740527007352,1.3321622789183376,0.3135570313062721,0.040962797383256894,1,0.7965746913318646,runs/seeded_faults/seed_014/proposer_clean,runs/seeded_faults/seed_014/replicator_data_mismatch
eval-0343,synth-linear-014,14,metric_mismatch,METRIC_MISMATCH,numeric_only,NOT_REPRODUCED,0,1.279740527007352,-1.279740527007352,16.024173583126228,1.999999999998437,0,0.0,runs/seeded_faults/seed_014/proposer_clean,runs/seeded_faults/seed_014/replicator_metric_mismatch
eval-0344,synth-linear-014,14,metric_mismatch,METRIC_MISMATCH,pairwise_artifact,STATISTICAL_DISAGREEMENT,0,1.279740527007352,-1.279740527007352,16.024173583126228,1.999999999998437,0,0.0,runs/seeded_faults/seed_014/proposer_clean,runs/seeded_faults/seed_014/replicator_metric_mismatch
eval-0345,synth-linear-014,14,metric_mismatch,METRIC_MISMATCH,pantheon,METRIC_MISMATCH,1,1.279740527007352,-1.279740527007352,16.024173583126228,1.999999999998437,0,0.0,runs/seeded_faults/seed_014/proposer_clean,runs/seeded_faults/seed_014/replicator_metric_mismatch
eval-0346,synth-linear-014,14,implementation_mismatch,IMPLEMENTATION_MISMATCH,numeric_only,REPRODUCED,0,1.279740527007352,1.258112781526849,0.11804931245262855,0.016900102031669126,1,0.7829444412516178,runs/seeded_faults/seed_014/proposer_clean,runs/seeded_faults/seed_014/replicator_implementation_mismatch
eval-0347,synth-linear-014,14,implementation_mismatch,IMPLEMENTATION_MISMATCH,pairwise_artifact,IMPLEMENTATION_MISMATCH,1,1.279740527007352,1.258112781526849,0.11804931245262855,0.016900102031669126,1,0.7829444412516178,runs/seeded_faults/seed_014/proposer_clean,runs/seeded_faults/seed_014/replicator_implementation_mismatch
eval-0348,synth-linear-014,14,implementation_mismatch,IMPLEMENTATION_MISMATCH,pantheon,IMPLEMENTATION_MISMATCH,1,1.279740527007352,1.258112781526849,0.11804931245262855,0.016900102031669126,1,0.7829444412516178,runs/seeded_faults/seed_014/proposer_clean,runs/seeded_faults/seed_014/replicator_implementation_mismatch
eval-0349,synth-linear-014,14,environment_mismatch,ENVIRONMENT_FAILURE,numeric_only,REPRODUCED,0,1.279740527007352,1.279740527007352,0.0,0.0,1,0.9999999999977414,runs/seeded_faults/seed_014/proposer_clean,runs/seeded_faults/seed_014/replicator_environment_mismatch
eval-0350,synth-linear-014,14,environment_mismatch,ENVIRONMENT_FAILURE,pairwise_artifact,ENVIRONMENT_FAILURE,1,1.279740527007352,1.279740527007352,0.0,0.0,1,0.9999999999977414,runs/seeded_faults/seed_014/proposer_clean,runs/seeded_faults/seed_014/replicator_environment_mismatch
eval-0351,synth-linear-014,14,environment_mismatch,ENVIRONMENT_FAILURE,pantheon,ENVIRONMENT_FAILURE,1,1.279740527007352,1.279740527007352,0.0,0.0,1,0.9999999999977414,runs/seeded_faults/seed_014/proposer_clean,runs/seeded_faults/seed_014/replicator_environment_mismatch
eval-0352,synth-linear-014,14,protocol_ambiguous,PROTOCOL_AMBIGUOUS,numeric_only,REPRODUCED,0,1.279740527007352,1.279740527007352,0.0,0.0,1,0.9999999999977414,runs/seeded_faults/seed_014/proposer_clean,runs/seeded_faults/seed_014/replicator_protocol_ambiguous
eval-0353,synth-linear-014,14,protocol_ambiguous,PROTOCOL_AMBIGUOUS,pairwise_artifact,PROTOCOL_AMBIGUOUS,1,1.279740527007352,1.279740527007352,0.0,0.0,1,0.9999999999977414,runs/seeded_faults/seed_014/proposer_clean,runs/seeded_faults/seed_014/replicator_protocol_ambiguous
eval-0354,synth-linear-014,14,protocol_ambiguous,PROTOCOL_AMBIGUOUS,pantheon,PROTOCOL_AMBIGUOUS,1,1.279740527007352,1.279740527007352,0.0,0.0,1,0.9999999999977414,runs/seeded_faults/seed_014/proposer_clean,runs/seeded_faults/seed_014/replicator_protocol_ambiguous
eval-0355,synth-linear-014,14,hidden_contamination,HIDDEN_STATE_CONTAMINATION,numeric_only,REPRODUCED,0,1.279740527007352,1.279740527007352,0.0,0.0,1,0.9999999999977414,runs/seeded_faults/seed_014/proposer_clean,runs/seeded_faults/seed_014/replicator_hidden_contamination
eval-0356,synth-linear-014,14,hidden_contamination,HIDDEN_STATE_CONTAMINATION,pairwise_artifact,REPRODUCED,0,1.279740527007352,1.279740527007352,0.0,0.0,1,0.9999999999977414,runs/seeded_faults/seed_014/proposer_clean,runs/seeded_faults/seed_014/replicator_hidden_contamination
eval-0357,synth-linear-014,14,hidden_contamination,HIDDEN_STATE_CONTAMINATION,pantheon,HIDDEN_STATE_CONTAMINATION,1,1.279740527007352,1.279740527007352,0.0,0.0,1,0.9999999999977414,runs/seeded_faults/seed_014/proposer_clean,runs/seeded_faults/seed_014/replicator_hidden_contamination
eval-0358,synth-linear-014,14,shared_bug,IMPLEMENTATION_MISMATCH,numeric_only,REPRODUCED,0,-1.279740527007352,-1.279740527007352,0.0,0.0,1,0.9999999999977414,runs/seeded_faults/seed_014/proposer_shared_bug,runs/seeded_faults/seed_014/replicator_shared_bug
eval-0359,synth-linear-014,14,shared_bug,IMPLEMENTATION_MISMATCH,pairwise_artifact,REPRODUCED,0,-1.279740527007352,-1.279740527007352,0.0,0.0,1,0.9999999999977414,runs/seeded_faults/seed_014/proposer_shared_bug,runs/seeded_faults/seed_014/replicator_shared_bug
eval-0360,synth-linear-014,14,shared_bug,IMPLEMENTATION_MISMATCH,pantheon,IMPLEMENTATION_MISMATCH,1,-1.279740527007352,-1.279740527007352,0.0,0.0,1,0.9999999999977414,runs/seeded_faults/seed_014/proposer_shared_bug,runs/seeded_faults/seed_014/replicator_shared_bug
eval-0361,synth-linear-015,15,clean,REPRODUCED,numeric_only,REPRODUCED,1,1.0318155158358113,1.0318155158358113,0.0,0.0,1,0.9999999999975807,runs/seeded_faults/seed_015/proposer_clean,runs/seeded_faults/seed_015/replicator_clean
eval-0362,synth-linear-015,15,clean,REPRODUCED,pairwise_artifact,REPRODUCED,1,1.0318155158358113,1.0318155158358113,0.0,0.0,1,0.9999999999975807,runs/seeded_faults/seed_015/proposer_clean,runs/seeded_faults/seed_015/replicator_clean
eval-0363,synth-linear-015,15,clean,REPRODUCED,pantheon,REPRODUCED,1,1.0318155158358113,1.0318155158358113,0.0,0.0,1,0.9999999999975807,runs/seeded_faults/seed_015/proposer_clean,runs/seeded_faults/seed_015/replicator_clean
eval-0364,synth-linear-015,15,data_mismatch,DATA_MISMATCH,numeric_only,STATISTICAL_DISAGREEMENT,0,1.0318155158358113,0.985515271239549,0.29252342182235225,0.04487259969018052,1,0.808807333579429,runs/seeded_faults/seed_015/proposer_clean,runs/seeded_faults/seed_015/replicator_data_mismatch
eval-0365,synth-linear-015,15,data_mismatch,DATA_MISMATCH,pairwise_artifact,DATA_MISMATCH,1,1.0318155158358113,0.985515271239549,0.29252342182235225,0.04487259969018052,1,0.808807333579429,runs/seeded_faults/seed_015/proposer_clean,runs/seeded_faults/seed_015/replicator_data_mismatch
eval-0366,synth-linear-015,15,data_mismatch,DATA_MISMATCH,pantheon,DATA_MISMATCH,1,1.0318155158358113,0.985515271239549,0.29252342182235225,0.04487259969018052,1,0.808807333579429,runs/seeded_faults/seed_015/proposer_clean,runs/seeded_faults/seed_015/replicator_data_mismatch
eval-0367,synth-linear-015,15,metric_mismatch,METRIC_MISMATCH,numeric_only,NOT_REPRODUCED,0,1.0318155158358113,-1.0318155158358113,13.83901675178332,1.9999999999980616,0,0.0,runs/seeded_faults/seed_015/proposer_clean,runs/seeded_faults/seed_015/replicator_metric_mismatch
eval-0368,synth-linear-015,15,metric_mismatch,METRIC_MISMATCH,pairwise_artifact,STATISTICAL_DISAGREEMENT,0,1.0318155158358113,-1.0318155158358113,13.83901675178332,1.9999999999980616,0,0.0,runs/seeded_faults/seed_015/proposer_clean,runs/seeded_faults/seed_015/replicator_metric_mismatch
eval-0369,synth-linear-015,15,metric_mismatch,METRIC_MISMATCH,pantheon,METRIC_MISMATCH,1,1.0318155158358113,-1.0318155158358113,13.83901675178332,1.9999999999980616,0,0.0,runs/seeded_faults/seed_015/proposer_clean,runs/seeded_faults/seed_015/replicator_metric_mismatch
eval-0370,synth-linear-015,15,implementation_mismatch,IMPLEMENTATION_MISMATCH,numeric_only,STATISTICAL_DISAGREEMENT,0,1.0318155158358113,1.1579898200207526,0.7134071394585895,0.1222837825641852,1,0.5870898834104735,runs/seeded_faults/seed_015/proposer_clean,runs/seeded_faults/seed_015/replicator_implementation_mismatch
eval-0371,synth-linear-015,15,implementation_mismatch,IMPLEMENTATION_MISMATCH,pairwise_artifact,IMPLEMENTATION_MISMATCH,1,1.0318155158358113,1.1579898200207526,0.7134071394585895,0.1222837825641852,1,0.5870898834104735,runs/seeded_faults/seed_015/proposer_clean,runs/seeded_faults/seed_015/replicator_implementation_mismatch
eval-0372,synth-linear-015,15,implementation_mismatch,IMPLEMENTATION_MISMATCH,pantheon,IMPLEMENTATION_MISMATCH,1,1.0318155158358113,1.1579898200207526,0.7134071394585895,0.1222837825641852,1,0.5870898834104735,runs/seeded_faults/seed_015/proposer_clean,runs/seeded_faults/seed_015/replicator_implementation_mismatch
eval-0373,synth-linear-015,15,environment_mismatch,ENVIRONMENT_FAILURE,numeric_only,REPRODUCED,0,1.0318155158358113,1.0318155158358113,0.0,0.0,1,0.9999999999975807,runs/seeded_faults/seed_015/proposer_clean,runs/seeded_faults/seed_015/replicator_environment_mismatch
eval-0374,synth-linear-015,15,environment_mismatch,ENVIRONMENT_FAILURE,pairwise_artifact,ENVIRONMENT_FAILURE,1,1.0318155158358113,1.0318155158358113,0.0,0.0,1,0.9999999999975807,runs/seeded_faults/seed_015/proposer_clean,runs/seeded_faults/seed_015/replicator_environment_mismatch
eval-0375,synth-linear-015,15,environment_mismatch,ENVIRONMENT_FAILURE,pantheon,ENVIRONMENT_FAILURE,1,1.0318155158358113,1.0318155158358113,0.0,0.0,1,0.9999999999975807,runs/seeded_faults/seed_015/proposer_clean,runs/seeded_faults/seed_015/replicator_environment_mismatch
eval-0376,synth-linear-015,15,protocol_ambiguous,PROTOCOL_AMBIGUOUS,numeric_only,REPRODUCED,0,1.0318155158358113,1.0318155158358113,0.0,0.0,1,0.9999999999975807,runs/seeded_faults/seed_015/proposer_clean,runs/seeded_faults/seed_015/replicator_protocol_ambiguous
eval-0377,synth-linear-015,15,protocol_ambiguous,PROTOCOL_AMBIGUOUS,pairwise_artifact,PROTOCOL_AMBIGUOUS,1,1.0318155158358113,1.0318155158358113,0.0,0.0,1,0.9999999999975807,runs/seeded_faults/seed_015/proposer_clean,runs/seeded_faults/seed_015/replicator_protocol_ambiguous
eval-0378,synth-linear-015,15,protocol_ambiguous,PROTOCOL_AMBIGUOUS,pantheon,PROTOCOL_AMBIGUOUS,1,1.0318155158358113,1.0318155158358113,0.0,0.0,1,0.9999999999975807,runs/seeded_faults/seed_015/proposer_clean,runs/seeded_faults/seed_015/replicator_protocol_ambiguous
eval-0379,synth-linear-015,15,hidden_contamination,HIDDEN_STATE_CONTAMINATION,numeric_only,REPRODUCED,0,1.0318155158358113,1.0318155158358113,0.0,0.0,1,0.9999999999975807,runs/seeded_faults/seed_015/proposer_clean,runs/seeded_faults/seed_015/replicator_hidden_contamination
eval-0380,synth-linear-015,15,hidden_contamination,HIDDEN_STATE_CONTAMINATION,pairwise_artifact,REPRODUCED,0,1.0318155158358113,1.0318155158358113,0.0,0.0,1,0.9999999999975807,runs/seeded_faults/seed_015/proposer_clean,runs/seeded_faults/seed_015/replicator_hidden_contamination
eval-0381,synth-linear-015,15,hidden_contamination,HIDDEN_STATE_CONTAMINATION,pantheon,HIDDEN_STATE_CONTAMINATION,1,1.0318155158358113,1.0318155158358113,0.0,0.0,1,0.9999999999975807,runs/seeded_faults/seed_015/proposer_clean,runs/seeded_faults/seed_015/replicator_hidden_contamination
eval-0382,synth-linear-015,15,shared_bug,IMPLEMENTATION_MISMATCH,numeric_only,REPRODUCED,0,-1.0318155158358113,-1.0318155158358113,0.0,0.0,1,0.9999999999975807,runs/seeded_faults/seed_015/proposer_shared_bug,runs/seeded_faults/seed_015/replicator_shared_bug
eval-0383,synth-linear-015,15,shared_bug,IMPLEMENTATION_MISMATCH,pairwise_artifact,REPRODUCED,0,-1.0318155158358113,-1.0318155158358113,0.0,0.0,1,0.9999999999975807,runs/seeded_faults/seed_015/proposer_shared_bug,runs/seeded_faults/seed_015/replicator_shared_bug
eval-0384,synth-linear-015,15,shared_bug,IMPLEMENTATION_MISMATCH,pantheon,IMPLEMENTATION_MISMATCH,1,-1.0318155158358113,-1.0318155158358113,0.0,0.0,1,0.9999999999975807,runs/seeded_faults/seed_015/proposer_shared_bug,runs/seeded_faults/seed_015/replicator_shared_bug
eval-0385,synth-linear-016,16,clean,REPRODUCED,numeric_only,REPRODUCED,1,1.3259200618113818,1.3259200618113818,0.0,0.0,1,0.9999999999975403,runs/seeded_faults/seed_016/proposer_clean,runs/seeded_faults/seed_016/replicator_clean
eval-0386,synth-linear-016,16,clean,REPRODUCED,pairwise_artifact,REPRODUCED,1,1.3259200618113818,1.3259200618113818,0.0,0.0,1,0.9999999999975403,runs/seeded_faults/seed_016/proposer_clean,runs/seeded_faults/seed_016/replicator_clean
eval-0387,synth-linear-016,16,clean,REPRODUCED,pantheon,REPRODUCED,1,1.3259200618113818,1.3259200618113818,0.0,0.0,1,0.9999999999975403,runs/seeded_faults/seed_016/proposer_clean,runs/seeded_faults/seed_016/replicator_clean
eval-0388,synth-linear-016,16,data_mismatch,DATA_MISMATCH,numeric_only,STATISTICAL_DISAGREEMENT,0,1.3259200618113818,1.2775991194980412,0.30985069789541503,0.036443329960096825,1,0.7986064976745924,runs/seeded_faults/seed_016/proposer_clean,runs/seeded_faults/seed_016/replicator_data_mismatch
eval-0389,synth-linear-016,16,data_mismatch,DATA_MISMATCH,pairwise_artifact,DATA_MISMATCH,1,1.3259200618113818,1.2775991194980412,0.30985069789541503,0.036443329960096825,1,0.7986064976745924,runs/seeded_faults/seed_016/proposer_clean,runs/seeded_faults/seed_016/replicator_data_mismatch
eval-0390,synth-linear-016,16,data_mismatch,DATA_MISMATCH,pantheon,DATA_MISMATCH,1,1.3259200618113818,1.2775991194980412,0.30985069789541503,0.036443329960096825,1,0.7986064976745924,runs/seeded_faults/seed_016/proposer_clean,runs/seeded_faults/seed_016/replicator_data_mismatch
eval-0391,synth-linear-016,16,metric_mismatch,METRIC_MISMATCH,numeric_only,NOT_REPRODUCED,0,1.3259200618113818,-1.3259200618113818,18.080741132414182,1.9999999999984914,0,0.0,runs/seeded_faults/seed_016/proposer_clean,runs/seeded_faults/seed_016/replicator_metric_mismatch
eval-0392,synth-linear-016,16,metric_mismatch,METRIC_MISMATCH,pairwise_artifact,STATISTICAL_DISAGREEMENT,0,1.3259200618113818,-1.3259200618113818,18.080741132414182,1.9999999999984914,0,0.0,runs/seeded_faults/seed_016/proposer_clean,runs/seeded_faults/seed_016/replicator_metric_mismatch
eval-0393,synth-linear-016,16,metric_mismatch,METRIC_MISMATCH,pantheon,METRIC_MISMATCH,1,1.3259200618113818,-1.3259200618113818,18.080741132414182,1.9999999999984914,0,0.0,runs/seeded_faults/seed_016/proposer_clean,runs/seeded_faults/seed_016/replicator_metric_mismatch
eval-0394,synth-linear-016,16,implementation_mismatch,IMPLEMENTATION_MISMATCH,numeric_only,STATISTICAL_DISAGREEMENT,0,1.3259200618113818,1.4357868747135032,0.6356362599606291,0.08286081194966308,1,0.6238439168655865,runs/seeded_faults/seed_016/proposer_clean,runs/seeded_faults/seed_016/replicator_implementation_mismatch
eval-0395,synth-linear-016,16,implementation_mismatch,IMPLEMENTATION_MISMATCH,pairwise_artifact,IMPLEMENTATION_MISMATCH,1,1.3259200618113818,1.4357868747135032,0.6356362599606291,0.08286081194966308,1,0.6238439168655865,runs/seeded_faults/seed_016/proposer_clean,runs/seeded_faults/seed_016/replicator_implementation_mismatch
eval-0396,synth-linear-016,16,implementation_mismatch,IMPLEMENTATION_MISMATCH,pantheon,IMPLEMENTATION_MISMATCH,1,1.3259200618113818,1.4357868747135032,0.6356362599606291,0.08286081194966308,1,0.6238439168655865,runs/seeded_faults/seed_016/proposer_clean,runs/seeded_faults/seed_016/replicator_implementation_mismatch
eval-0397,synth-linear-016,16,environment_mismatch,ENVIRONMENT_FAILURE,numeric_only,REPRODUCED,0,1.3259200618113818,1.3259200618113818,0.0,0.0,1,0.9999999999975403,runs/seeded_faults/seed_016/proposer_clean,runs/seeded_faults/seed_016/replicator_environment_mismatch
eval-0398,synth-linear-016,16,environment_mismatch,ENVIRONMENT_FAILURE,pairwise_artifact,ENVIRONMENT_FAILURE,1,1.3259200618113818,1.3259200618113818,0.0,0.0,1,0.9999999999975403,runs/seeded_faults/seed_016/proposer_clean,runs/seeded_faults/seed_016/replicator_environment_mismatch
eval-0399,synth-linear-016,16,environment_mismatch,ENVIRONMENT_FAILURE,pantheon,ENVIRONMENT_FAILURE,1,1.3259200618113818,1.3259200618113818,0.0,0.0,1,0.9999999999975403,runs/seeded_faults/seed_016/proposer_clean,runs/seeded_faults/seed_016/replicator_environment_mismatch
eval-0400,synth-linear-016,16,protocol_ambiguous,PROTOCOL_AMBIGUOUS,numeric_only,REPRODUCED,0,1.3259200618113818,1.3259200618113818,0.0,0.0,1,0.9999999999975403,runs/seeded_faults/seed_016/proposer_clean,runs/seeded_faults/seed_016/replicator_protocol_ambiguous
eval-0401,synth-linear-016,16,protocol_ambiguous,PROTOCOL_AMBIGUOUS,pairwise_artifact,PROTOCOL_AMBIGUOUS,1,1.3259200618113818,1.3259200618113818,0.0,0.0,1,0.9999999999975403,runs/seeded_faults/seed_016/proposer_clean,runs/seeded_faults/seed_016/replicator_protocol_ambiguous
eval-0402,synth-linear-016,16,protocol_ambiguous,PROTOCOL_AMBIGUOUS,pantheon,PROTOCOL_AMBIGUOUS,1,1.3259200618113818,1.3259200618113818,0.0,0.0,1,0.9999999999975403,runs/seeded_faults/seed_016/proposer_clean,runs/seeded_faults/seed_016/replicator_protocol_ambiguous
eval-0403,synth-linear-016,16,hidden_contamination,HIDDEN_STATE_CONTAMINATION,numeric_only,REPRODUCED,0,1.3259200618113818,1.3259200618113818,0.0,0.0,1,0.9999999999975403,runs/seeded_faults/seed_016/proposer_clean,runs/seeded_faults/seed_016/replicator_hidden_contamination
eval-0404,synth-linear-016,16,hidden_contamination,HIDDEN_STATE_CONTAMINATION,pairwise_artifact,REPRODUCED,0,1.3259200618113818,1.3259200618113818,0.0,0.0,1,0.9999999999975403,runs/seeded_faults/seed_016/proposer_clean,runs/seeded_faults/seed_016/replicator_hidden_contamination
eval-0405,synth-linear-016,16,hidden_contamination,HIDDEN_STATE_CONTAMINATION,pantheon,HIDDEN_STATE_CONTAMINATION,1,1.3259200618113818,1.3259200618113818,0.0,0.0,1,0.9999999999975403,runs/seeded_faults/seed_016/proposer_clean,runs/seeded_faults/seed_016/replicator_hidden_contamination
eval-0406,synth-linear-016,16,shared_bug,IMPLEMENTATION_MISMATCH,numeric_only,REPRODUCED,0,-1.3259200618113818,-1.3259200618113818,0.0,0.0,1,0.9999999999975403,runs/seeded_faults/seed_016/proposer_shared_bug,runs/seeded_faults/seed_016/replicator_shared_bug
eval-0407,synth-linear-016,16,shared_bug,IMPLEMENTATION_MISMATCH,pairwise_artifact,REPRODUCED,0,-1.3259200618113818,-1.3259200618113818,0.0,0.0,1,0.9999999999975403,runs/seeded_faults/seed_016/proposer_shared_bug,runs/seeded_faults/seed_016/replicator_shared_bug
eval-0408,synth-linear-016,16,shared_bug,IMPLEMENTATION_MISMATCH,pantheon,IMPLEMENTATION_MISMATCH,1,-1.3259200618113818,-1.3259200618113818,0.0,0.0,1,0.9999999999975403,runs/seeded_faults/seed_016/proposer_shared_bug,runs/seeded_faults/seed_016/replicator_shared_bug
eval-0409,synth-linear-017,17,clean,REPRODUCED,numeric_only,REPRODUCED,1,0.9722016900878572,0.9722016900878572,0.0,0.0,1,0.9999999999976076,runs/seeded_faults/seed_017/proposer_clean,runs/seeded_faults/seed_017/replicator_clean
eval-0410,synth-linear-017,17,clean,REPRODUCED,pairwise_artifact,REPRODUCED,1,0.9722016900878572,0.9722016900878572,0.0,0.0,1,0.9999999999976076,runs/seeded_faults/seed_017/proposer_clean,runs/seeded_faults/seed_017/replicator_clean
eval-0411,synth-linear-017,17,clean,REPRODUCED,pantheon,REPRODUCED,1,0.9722016900878572,0.9722016900878572,0.0,0.0,1,0.9999999999976076,runs/seeded_faults/seed_017/proposer_clean,runs/seeded_faults/seed_017/replicator_clean
eval-0412,synth-linear-017,17,data_mismatch,DATA_MISMATCH,numeric_only,STATISTICAL_DISAGREEMENT,0,0.9722016900878572,1.0233820810558012,0.32251476453859435,0.052643799624814726,1,0.7913269207901001,runs/seeded_faults/seed_017/proposer_clean,runs/seeded_faults/seed_017/replicator_data_mismatch
eval-0413,synth-linear-017,17,data_mismatch,DATA_MISMATCH,pairwise_artifact,DATA_MISMATCH,1,0.9722016900878572,1.0233820810558012,0.32251476453859435,0.052643799624814726,1,0.7913269207901001,runs/seeded_faults/seed_017/proposer_clean,runs/seeded_faults/seed_017/replicator_data_mismatch
eval-0414,synth-linear-017,17,data_mismatch,DATA_MISMATCH,pantheon,DATA_MISMATCH,1,0.9722016900878572,1.0233820810558012,0.32251476453859435,0.052643799624814726,1,0.7913269207901001,runs/seeded_faults/seed_017/proposer_clean,runs/seeded_faults/seed_017/replicator_data_mismatch
eval-0415,synth-linear-017,17,metric_mismatch,METRIC_MISMATCH,numeric_only,NOT_REPRODUCED,0,0.9722016900878572,-0.9722016900878572,12.894323128419881,1.9999999999979428,0,0.0,runs/seeded_faults/seed_017/proposer_clean,runs/seeded_faults/seed_017/replicator_metric_mismatch
eval-0416,synth-linear-017,17,metric_mismatch,METRIC_MISMATCH,pairwise_artifact,STATISTICAL_DISAGREEMENT,0,0.9722016900878572,-0.9722016900878572,12.894323128419881,1.9999999999979428,0,0.0,runs/seeded_faults/seed_017/proposer_clean,runs/seeded_faults/seed_017/replicator_metric_mismatch
eval-0417,synth-linear-017,17,metric_mismatch,METRIC_MISMATCH,pantheon,METRIC_MISMATCH,1,0.9722016900878572,-0.9722016900878572,12.894323128419881,1.9999999999979428,0,0.0,runs/seeded_faults/seed_017/proposer_clean,runs/seeded_faults/seed_017/replicator_metric_mismatch
eval-0418,synth-linear-017,17,implementation_mismatch,IMPLEMENTATION_MISMATCH,numeric_only,REPRODUCED,0,0.9722016900878572,0.9840924054864388,0.06827325497311927,0.012230708421721503,1,0.7743108487862846,runs/seeded_faults/seed_017/proposer_clean,runs/seeded_faults/seed_017/replicator_implementation_mismatch
eval-0419,synth-linear-017,17,implementation_mismatch,IMPLEMENTATION_MISMATCH,pairwise_artifact,IMPLEMENTATION_MISMATCH,1,0.9722016900878572,0.9840924054864388,0.06827325497311927,0.012230708421721503,1,0.7743108487862846,runs/seeded_faults/seed_017/proposer_clean,runs/seeded_faults/seed_017/replicator_implementation_mismatch
eval-0420,synth-linear-017,17,implementation_mismatch,IMPLEMENTATION_MISMATCH,pantheon,IMPLEMENTATION_MISMATCH,1,0.9722016900878572,0.9840924054864388,0.06827325497311927,0.012230708421721503,1,0.7743108487862846,runs/seeded_faults/seed_017/proposer_clean,runs/seeded_faults/seed_017/replicator_implementation_mismatch
eval-0421,synth-linear-017,17,environment_mismatch,ENVIRONMENT_FAILURE,numeric_only,REPRODUCED,0,0.9722016900878572,0.9722016900878572,0.0,0.0,1,0.9999999999976076,runs/seeded_faults/seed_017/proposer_clean,runs/seeded_faults/seed_017/replicator_environment_mismatch
eval-0422,synth-linear-017,17,environment_mismatch,ENVIRONMENT_FAILURE,pairwise_artifact,ENVIRONMENT_FAILURE,1,0.9722016900878572,0.9722016900878572,0.0,0.0,1,0.9999999999976076,runs/seeded_faults/seed_017/proposer_clean,runs/seeded_faults/seed_017/replicator_environment_mismatch
eval-0423,synth-linear-017,17,environment_mismatch,ENVIRONMENT_FAILURE,pantheon,ENVIRONMENT_FAILURE,1,0.9722016900878572,0.9722016900878572,0.0,0.0,1,0.9999999999976076,runs/seeded_faults/seed_017/proposer_clean,runs/seeded_faults/seed_017/replicator_environment_mismatch
eval-0424,synth-linear-017,17,protocol_ambiguous,PROTOCOL_AMBIGUOUS,numeric_only,REPRODUCED,0,0.9722016900878572,0.9722016900878572,0.0,0.0,1,0.9999999999976076,runs/seeded_faults/seed_017/proposer_clean,runs/seeded_faults/seed_017/replicator_protocol_ambiguous
eval-0425,synth-linear-017,17,protocol_ambiguous,PROTOCOL_AMBIGUOUS,pairwise_artifact,PROTOCOL_AMBIGUOUS,1,0.9722016900878572,0.9722016900878572,0.0,0.0,1,0.9999999999976076,runs/seeded_faults/seed_017/proposer_clean,runs/seeded_faults/seed_017/replicator_protocol_ambiguous
eval-0426,synth-linear-017,17,protocol_ambiguous,PROTOCOL_AMBIGUOUS,pantheon,PROTOCOL_AMBIGUOUS,1,0.9722016900878572,0.9722016900878572,0.0,0.0,1,0.9999999999976076,runs/seeded_faults/seed_017/proposer_clean,runs/seeded_faults/seed_017/replicator_protocol_ambiguous
eval-0427,synth-linear-017,17,hidden_contamination,HIDDEN_STATE_CONTAMINATION,numeric_only,REPRODUCED,0,0.9722016900878572,0.9722016900878572,0.0,0.0,1,0.9999999999976076,runs/seeded_faults/seed_017/proposer_clean,runs/seeded_faults/seed_017/replicator_hidden_contamination
eval-0428,synth-linear-017,17,hidden_contamination,HIDDEN_STATE_CONTAMINATION,pairwise_artifact,REPRODUCED,0,0.9722016900878572,0.9722016900878572,0.0,0.0,1,0.9999999999976076,runs/seeded_faults/seed_017/proposer_clean,runs/seeded_faults/seed_017/replicator_hidden_contamination
eval-0429,synth-linear-017,17,hidden_contamination,HIDDEN_STATE_CONTAMINATION,pantheon,HIDDEN_STATE_CONTAMINATION,1,0.9722016900878572,0.9722016900878572,0.0,0.0,1,0.9999999999976076,runs/seeded_faults/seed_017/proposer_clean,runs/seeded_faults/seed_017/replicator_hidden_contamination
eval-0430,synth-linear-017,17,shared_bug,IMPLEMENTATION_MISMATCH,numeric_only,REPRODUCED,0,-0.9722016900878572,-0.9722016900878572,0.0,0.0,1,0.9999999999976076,runs/seeded_faults/seed_017/proposer_shared_bug,runs/seeded_faults/seed_017/replicator_shared_bug
eval-0431,synth-linear-017,17,shared_bug,IMPLEMENTATION_MISMATCH,pairwise_artifact,REPRODUCED,0,-0.9722016900878572,-0.9722016900878572,0.0,0.0,1,0.9999999999976076,runs/seeded_faults/seed_017/proposer_shared_bug,runs/seeded_faults/seed_017/replicator_shared_bug
eval-0432,synth-linear-017,17,shared_bug,IMPLEMENTATION_MISMATCH,pantheon,IMPLEMENTATION_MISMATCH,1,-0.9722016900878572,-0.9722016900878572,0.0,0.0,1,0.9999999999976076,runs/seeded_faults/seed_017/proposer_shared_bug,runs/seeded_faults/seed_017/replicator_shared_bug
eval-0433,synth-linear-018,18,clean,REPRODUCED,numeric_only,REPRODUCED,1,1.328791621415588,1.328791621415588,0.0,0.0,1,0.9999999999977014,runs/seeded_faults/seed_018/proposer_clean,runs/seeded_faults/seed_018/replicator_clean
eval-0434,synth-linear-018,18,clean,REPRODUCED,pairwise_artifact,REPRODUCED,1,1.328791621415588,1.328791621415588,0.0,0.0,1,0.9999999999977014,runs/seeded_faults/seed_018/proposer_clean,runs/seeded_faults/seed_018/replicator_clean
eval-0435,synth-linear-018,18,clean,REPRODUCED,pantheon,REPRODUCED,1,1.328791621415588,1.328791621415588,0.0,0.0,1,0.9999999999977014,runs/seeded_faults/seed_018/proposer_clean,runs/seeded_faults/seed_018/replicator_clean
eval-0436,synth-linear-018,18,data_mismatch,DATA_MISMATCH,numeric_only,STATISTICAL_DISAGREEMENT,0,1.328791621415588,1.2756624006511132,0.32269434535648756,0.03998310939666754,1,0.7912484337068435,runs/seeded_faults/seed_018/proposer_clean,runs/seeded_faults/seed_018/replicator_data_mismatch
eval-0437,synth-linear-018,18,data_mismatch,DATA_MISMATCH,pairwise_artifact,DATA_MISMATCH,1,1.328791621415588,1.2756624006511132,0.32269434535648756,0.03998310939666754,1,0.7912484337068435,runs/seeded_faults/seed_018/proposer_clean,runs/seeded_faults/seed_018/replicator_data_mismatch
eval-0438,synth-linear-018,18,data_mismatch,DATA_MISMATCH,pantheon,DATA_MISMATCH,1,1.328791621415588,1.2756624006511132,0.32269434535648756,0.03998310939666754,1,0.7912484337068435,runs/seeded_faults/seed_018/proposer_clean,runs/seeded_faults/seed_018/replicator_data_mismatch
eval-0439,synth-linear-018,18,metric_mismatch,METRIC_MISMATCH,numeric_only,NOT_REPRODUCED,0,1.328791621415588,-1.328791621415588,16.93273796854213,1.9999999999984948,0,0.0,runs/seeded_faults/seed_018/proposer_clean,runs/seeded_faults/seed_018/replicator_metric_mismatch
eval-0440,synth-linear-018,18,metric_mismatch,METRIC_MISMATCH,pairwise_artifact,STATISTICAL_DISAGREEMENT,0,1.328791621415588,-1.328791621415588,16.93273796854213,1.9999999999984948,0,0.0,runs/seeded_faults/seed_018/proposer_clean,runs/seeded_faults/seed_018/replicator_metric_mismatch
eval-0441,synth-linear-018,18,metric_mismatch,METRIC_MISMATCH,pantheon,METRIC_MISMATCH,1,1.328791621415588,-1.328791621415588,16.93273796854213,1.9999999999984948,0,0.0,runs/seeded_faults/seed_018/proposer_clean,runs/seeded_faults/seed_018/replicator_metric_mismatch
eval-0442,synth-linear-018,18,implementation_mismatch,IMPLEMENTATION_MISMATCH,numeric_only,STATISTICAL_DISAGREEMENT,0,1.328791621415588,1.1148475699856712,1.1952120663898285,0.1610064723329884,1,0.3945580794996523,runs/seeded_faults/seed_018/proposer_clean,runs/seeded_faults/seed_018/replicator_implementation_mismatch
eval-0443,synth-linear-018,18,implementation_mismatch,IMPLEMENTATION_MISMATCH,pairwise_artifact,IMPLEMENTATION_MISMATCH,1,1.328791621415588,1.1148475699856712,1.1952120663898285,0.1610064723329884,1,0.3945580794996523,runs/seeded_faults/seed_018/proposer_clean,runs/seeded_faults/seed_018/replicator_implementation_mismatch
eval-0444,synth-linear-018,18,implementation_mismatch,IMPLEMENTATION_MISMATCH,pantheon,IMPLEMENTATION_MISMATCH,1,1.328791621415588,1.1148475699856712,1.1952120663898285,0.1610064723329884,1,0.3945580794996523,runs/seeded_faults/seed_018/proposer_clean,runs/seeded_faults/seed_018/replicator_implementation_mismatch
eval-0445,synth-linear-018,18,environment_mismatch,ENVIRONMENT_FAILURE,numeric_only,REPRODUCED,0,1.328791621415588,1.328791621415588,0.0,0.0,1,0.9999999999977014,runs/seeded_faults/seed_018/proposer_clean,runs/seeded_faults/seed_018/replicator_environment_mismatch
eval-0446,synth-linear-018,18,environment_mismatch,ENVIRONMENT_FAILURE,pairwise_artifact,ENVIRONMENT_FAILURE,1,1.328791621415588,1.328791621415588,0.0,0.0,1,0.9999999999977014,runs/seeded_faults/seed_018/proposer_clean,runs/seeded_faults/seed_018/replicator_environment_mismatch
eval-0447,synth-linear-018,18,environment_mismatch,ENVIRONMENT_FAILURE,pantheon,ENVIRONMENT_FAILURE,1,1.328791621415588,1.328791621415588,0.0,0.0,1,0.9999999999977014,runs/seeded_faults/seed_018/proposer_clean,runs/seeded_faults/seed_018/replicator_environment_mismatch
eval-0448,synth-linear-018,18,protocol_ambiguous,PROTOCOL_AMBIGUOUS,numeric_only,REPRODUCED,0,1.328791621415588,1.328791621415588,0.0,0.0,1,0.9999999999977014,runs/seeded_faults/seed_018/proposer_clean,runs/seeded_faults/seed_018/replicator_protocol_ambiguous
eval-0449,synth-linear-018,18,protocol_ambiguous,PROTOCOL_AMBIGUOUS,pairwise_artifact,PROTOCOL_AMBIGUOUS,1,1.328791621415588,1.328791621415588,0.0,0.0,1,0.9999999999977014,runs/seeded_faults/seed_018/proposer_clean,runs/seeded_faults/seed_018/replicator_protocol_ambiguous
eval-0450,synth-linear-018,18,protocol_ambiguous,PROTOCOL_AMBIGUOUS,pantheon,PROTOCOL_AMBIGUOUS,1,1.328791621415588,1.328791621415588,0.0,0.0,1,0.9999999999977014,runs/seeded_faults/seed_018/proposer_clean,runs/seeded_faults/seed_018/replicator_protocol_ambiguous
eval-0451,synth-linear-018,18,hidden_contamination,HIDDEN_STATE_CONTAMINATION,numeric_only,REPRODUCED,0,1.328791621415588,1.328791621415588,0.0,0.0,1,0.9999999999977014,runs/seeded_faults/seed_018/proposer_clean,runs/seeded_faults/seed_018/replicator_hidden_contamination
eval-0452,synth-linear-018,18,hidden_contamination,HIDDEN_STATE_CONTAMINATION,pairwise_artifact,REPRODUCED,0,1.328791621415588,1.328791621415588,0.0,0.0,1,0.9999999999977014,runs/seeded_faults/seed_018/proposer_clean,runs/seeded_faults/seed_018/replicator_hidden_contamination
eval-0453,synth-linear-018,18,hidden_contamination,HIDDEN_STATE_CONTAMINATION,pantheon,HIDDEN_STATE_CONTAMINATION,1,1.328791621415588,1.328791621415588,0.0,0.0,1,0.9999999999977014,runs/seeded_faults/seed_018/proposer_clean,runs/seeded_faults/seed_018/replicator_hidden_contamination
eval-0454,synth-linear-018,18,shared_bug,IMPLEMENTATION_MISMATCH,numeric_only,REPRODUCED,0,-1.328791621415588,-1.328791621415588,0.0,0.0,1,0.9999999999977014,runs/seeded_faults/seed_018/proposer_shared_bug,runs/seeded_faults/seed_018/replicator_shared_bug
eval-0455,synth-linear-018,18,shared_bug,IMPLEMENTATION_MISMATCH,pairwise_artifact,REPRODUCED,0,-1.328791621415588,-1.328791621415588,0.0,0.0,1,0.9999999999977014,runs/seeded_faults/seed_018/proposer_shared_bug,runs/seeded_faults/seed_018/replicator_shared_bug
eval-0456,synth-linear-018,18,shared_bug,IMPLEMENTATION_MISMATCH,pantheon,IMPLEMENTATION_MISMATCH,1,-1.328791621415588,-1.328791621415588,0.0,0.0,1,0.9999999999977014,runs/seeded_faults/seed_018/proposer_shared_bug,runs/seeded_faults/seed_018/replicator_shared_bug
eval-0457,synth-linear-019,19,clean,REPRODUCED,numeric_only,REPRODUCED,1,1.2790474688463673,1.2790474688463673,0.0,0.0,1,0.9999999999976834,runs/seeded_faults/seed_019/proposer_clean,runs/seeded_faults/seed_019/replicator_clean
eval-0458,synth-linear-019,19,clean,REPRODUCED,pairwise_artifact,REPRODUCED,1,1.2790474688463673,1.2790474688463673,0.0,0.0,1,0.9999999999976834,runs/seeded_faults/seed_019/proposer_clean,runs/seeded_faults/seed_019/replicator_clean
eval-0459,synth-linear-019,19,clean,REPRODUCED,pantheon,REPRODUCED,1,1.2790474688463673,1.2790474688463673,0.0,0.0,1,0.9999999999976834,runs/seeded_faults/seed_019/proposer_clean,runs/seeded_faults/seed_019/replicator_clean
eval-0460,synth-linear-019,19,data_mismatch,DATA_MISMATCH,numeric_only,STATISTICAL_DISAGREEMENT,0,1.2790474688463673,1.3253192772483977,0.2825623346256764,0.03617677180013413,1,0.8147887190723335,runs/seeded_faults/seed_019/proposer_clean,runs/seeded_faults/seed_019/replicator_data_mismatch
eval-0461,synth-linear-019,19,data_mismatch,DATA_MISMATCH,pairwise_artifact,DATA_MISMATCH,1,1.2790474688463673,1.3253192772483977,0.2825623346256764,0.03617677180013413,1,0.8147887190723335,runs/seeded_faults/seed_019/proposer_clean,runs/seeded_faults/seed_019/replicator_data_mismatch
eval-0462,synth-linear-019,19,data_mismatch,DATA_MISMATCH,pantheon,DATA_MISMATCH,1,1.2790474688463673,1.3253192772483977,0.2825623346256764,0.03617677180013413,1,0.8147887190723335,runs/seeded_faults/seed_019/proposer_clean,runs/seeded_faults/seed_019/replicator_data_mismatch
eval-0463,synth-linear-019,19,metric_mismatch,METRIC_MISMATCH,numeric_only,NOT_REPRODUCED,0,1.2790474688463673,-1.2790474688463673,16.426356444469345,1.9999999999984361,0,0.0,runs/seeded_faults/seed_019/proposer_clean,runs/seeded_faults/seed_019/replicator_metric_mismatch
eval-0464,synth-linear-019,19,metric_mismatch,METRIC_MISMATCH,pairwise_artifact,STATISTICAL_DISAGREEMENT,0,1.2790474688463673,-1.2790474688463673,16.426356444469345,1.9999999999984361,0,0.0,runs/seeded_faults/seed_019/proposer_clean,runs/seeded_faults/seed_019/replicator_metric_mismatch
eval-0465,synth-linear-019,19,metric_mismatch,METRIC_MISMATCH,pantheon,METRIC_MISMATCH,1,1.2790474688463673,-1.2790474688463673,16.426356444469345,1.9999999999984361,0,0.0,runs/seeded_faults/seed_019/proposer_clean,runs/seeded_faults/seed_019/replicator_metric_mismatch
eval-0466,synth-linear-019,19,implementation_mismatch,IMPLEMENTATION_MISMATCH,numeric_only,REPRODUCED,0,1.2790474688463673,1.3113605628362772,0.18124539076321255,0.02526340482033033,1,0.7853802278154574,runs/seeded_faults/seed_019/proposer_clean,runs/seeded_faults/seed_019/replicator_implementation_mismatch
eval-0467,synth-linear-019,19,implementation_mismatch,IMPLEMENTATION_MISMATCH,pairwise_artifact,IMPLEMENTATION_MISMATCH,1,1.2790474688463673,1.3113605628362772,0.18124539076321255,0.02526340482033033,1,0.7853802278154574,runs/seeded_faults/seed_019/proposer_clean,runs/seeded_faults/seed_019/replicator_implementation_mismatch
eval-0468,synth-linear-019,19,implementation_mismatch,IMPLEMENTATION_MISMATCH,pantheon,IMPLEMENTATION_MISMATCH,1,1.2790474688463673,1.3113605628362772,0.18124539076321255,0.02526340482033033,1,0.7853802278154574,runs/seeded_faults/seed_019/proposer_clean,runs/seeded_faults/seed_019/replicator_implementation_mismatch
eval-0469,synth-linear-019,19,environment_mismatch,ENVIRONMENT_FAILURE,numeric_only,REPRODUCED,0,1.2790474688463673,1.2790474688463673,0.0,0.0,1,0.9999999999976834,runs/seeded_faults/seed_019/proposer_clean,runs/seeded_faults/seed_019/replicator_environment_mismatch
eval-0470,synth-linear-019,19,environment_mismatch,ENVIRONMENT_FAILURE,pairwise_artifact,ENVIRONMENT_FAILURE,1,1.2790474688463673,1.2790474688463673,0.0,0.0,1,0.9999999999976834,runs/seeded_faults/seed_019/proposer_clean,runs/seeded_faults/seed_019/replicator_environment_mismatch
eval-0471,synth-linear-019,19,environment_mismatch,ENVIRONMENT_FAILURE,pantheon,ENVIRONMENT_FAILURE,1,1.2790474688463673,1.2790474688463673,0.0,0.0,1,0.9999999999976834,runs/seeded_faults/seed_019/proposer_clean,runs/seeded_faults/seed_019/replicator_environment_mismatch
eval-0472,synth-linear-019,19,protocol_ambiguous,PROTOCOL_AMBIGUOUS,numeric_only,REPRODUCED,0,1.2790474688463673,1.2790474688463673,0.0,0.0,1,0.9999999999976834,runs/seeded_faults/seed_019/proposer_clean,runs/seeded_faults/seed_019/replicator_protocol_ambiguous
eval-0473,synth-linear-019,19,protocol_ambiguous,PROTOCOL_AMBIGUOUS,pairwise_artifact,PROTOCOL_AMBIGUOUS,1,1.2790474688463673,1.2790474688463673,0.0,0.0,1,0.9999999999976834,runs/seeded_faults/seed_019/proposer_clean,runs/seeded_faults/seed_019/replicator_protocol_ambiguous
eval-0474,synth-linear-019,19,protocol_ambiguous,PROTOCOL_AMBIGUOUS,pantheon,PROTOCOL_AMBIGUOUS,1,1.2790474688463673,1.2790474688463673,0.0,0.0,1,0.9999999999976834,runs/seeded_faults/seed_019/proposer_clean,runs/seeded_faults/seed_019/replicator_protocol_ambiguous
eval-0475,synth-linear-019,19,hidden_contamination,HIDDEN_STATE_CONTAMINATION,numeric_only,REPRODUCED,0,1.2790474688463673,1.2790474688463673,0.0,0.0,1,0.9999999999976834,runs/seeded_faults/seed_019/proposer_clean,runs/seeded_faults/seed_019/replicator_hidden_contamination
eval-0476,synth-linear-019,19,hidden_contamination,HIDDEN_STATE_CONTAMINATION,pairwise_artifact,REPRODUCED,0,1.2790474688463673,1.2790474688463673,0.0,0.0,1,0.9999999999976834,runs/seeded_faults/seed_019/proposer_clean,runs/seeded_faults/seed_019/replicator_hidden_contamination
eval-0477,synth-linear-019,19,hidden_contamination,HIDDEN_STATE_CONTAMINATION,pantheon,HIDDEN_STATE_CONTAMINATION,1,1.2790474688463673,1.2790474688463673,0.0,0.0,1,0.9999999999976834,runs/seeded_faults/seed_019/proposer_clean,runs/seeded_faults/seed_019/replicator_hidden_contamination
eval-0478,synth-linear-019,19,shared_bug,IMPLEMENTATION_MISMATCH,numeric_only,REPRODUCED,0,-1.2790474688463673,-1.2790474688463673,0.0,0.0,1,0.9999999999976834,runs/seeded_faults/seed_019/proposer_shared_bug,runs/seeded_faults/seed_019/replicator_shared_bug
eval-0479,synth-linear-019,19,shared_bug,IMPLEMENTATION_MISMATCH,pairwise_artifact,REPRODUCED,0,-1.2790474688463673,-1.2790474688463673,0.0,0.0,1,0.9999999999976834,runs/seeded_faults/seed_019/proposer_shared_bug,runs/seeded_faults/seed_019/replicator_shared_bug
eval-0480,synth-linear-019,19,shared_bug,IMPLEMENTATION_MISMATCH,pantheon,IMPLEMENTATION_MISMATCH,1,-1.2790474688463673,-1.2790474688463673,0.0,0.0,1,0.9999999999976834,runs/seeded_faults/seed_019/proposer_shared_bug,runs/seeded_faults/seed_019/replicator_shared_bug
